DATE,TIME,RACE,GENDER,BODY_SIZE,WITH_KIDS,KIDS_CATEGORY,BASKET_SIZE,BASKET_COLOUR,ATTIRE,SHIRT_COLOUR,SHIRT_TYPE,PANTS_COLOUR,PANTS_TYPE,WASH_ITEM,WASHER_NO,DRYER_NO,SPECTACLES,AGE_GROUP,HOUR_CATEGORY
2015-10-19,20:17:50,malay,female,moderate,yes,young,big,red,casual,blue,short_sleeve,black,short,clothes,3,10,no,Unknown,18-23
2015-10-19,20:28:42,indian,male,thin,no,no_kids,big,green,casual,Unknown,short_sleeve,blue,long,Unknown,6,9,no,28-34,18-23
2015-10-19,20:58:31,malay,female,Unknown,no,no_kids,big,blue,casual,red,short_sleeve,black,long,Unknown,4,10,no,28-34,18-23
2015-10-19,21:31:28,indian,male,thin,no,no_kids,Unknown,black,casual,Unknown,short_sleeve,yellow,short,clothes,5,9,no,49-55,18-23
2015-10-19,21:40:28,indian,male,moderate,no,no_kids,big,blue,casual,blue,short_sleeve,white,long,clothes,3,9,no,28-34,18-23
2015-10-19,23:45:38,Unknown,male,fat,no,no_kids,small,white,casual,brown,short_sleeve,blue,long,clothes,4,8,no,49-55,18-23
2015-10-19,23:53:38,Unknown,female,fat,no,no_kids,big,pink,traditional,blue,short_sleeve,black,long,clothes,5,10,no,42-48,18-23
2015-10-20,00:24:01,indian,male,thin,yes,no_kids,big,blue,casual,Unknown,short_sleeve,brown,long,clothes,3,9,no,49-55,0-5
2015-10-20,00:45:19,indian,male,thin,no,no_kids,small,purple,casual,white,short_sleeve,black,short,clothes,6,10,no,28-34,0-5
2015-10-20,01:17:50,chinese,male,moderate,no,no_kids,small,pink,casual,white,short_sleeve,blue,short,Unknown,5,7,no,28-34,0-5
2015-10-20,07:23:12,malay,female,moderate,no,no_kids,big,blue,casual,blue,longsleeve,blue,long,clothes,3,7,no,Unknown,6-11
2015-10-20,09:06:14,malay,male,moderate,no,no_kids,big,yellow,casual,yellow,short_sleeve,black,long,clothes,3,9,yes,Unknown,6-11
2015-10-20,10:05:17,malay,female,moderate,yes,young,big,red,casual,Unknown,longsleeve,grey,Unknown,clothes,3,8,yes,49-55,6-11
2015-10-20,10:41:35,Unknown,male,thin,no,no_kids,big,brown,formal,Unknown,longsleeve,brown,long,clothes,5,9,no,28-34,6-11
2015-10-20,10:49:31,malay,female,thin,yes,toddler,Unknown,Unknown,casual,brown,longsleeve,grey,long,clothes,4,7,no,49-55,6-11
2015-10-20,10:57:47,malay,male,fat,yes,toddler,big,blue,casual,grey,short_sleeve,grey,long,clothes,5,9,no,35-41,6-11
2015-10-20,11:19:20,malay,female,moderate,yes,young,big,pink,casual,green,longsleeve,grey,long,clothes,5,10,no,49-55,6-11
2015-10-20,11:27:26,indian,male,fat,no,no_kids,big,black,casual,red,short_sleeve,grey,long,clothes,3,10,no,28-34,6-11
2015-10-20,11:27:57,Unknown,male,moderate,yes,baby,big,Unknown,formal,red,longsleeve,black,long,clothes,5,9,no,49-55,6-11
2015-10-20,11:28:43,malay,female,fat,yes,young,big,white,casual,red,short_sleeve,blue,long,blankets,3,7,no,35-41,6-11
2015-10-20,13:36:46,chinese,female,thin,yes,no_kids,small,white,casual,Unknown,short_sleeve,black,long,blankets,3,7,yes,28-34,12-17
2015-10-20,12:10:46,chinese,female,moderate,no,no_kids,big,white,casual,black,short_sleeve,black,long,clothes,5,7,no,42-48,6-11
2015-10-20,13:44:03,chinese,female,moderate,no,no_kids,small,orange,casual,black,short_sleeve,black,Unknown,clothes,3,8,no,42-48,12-17
2015-10-20,15:26:05,malay,female,fat,no,no_kids,big,purple,casual,purple,longsleeve,black,long,clothes,3,7,no,28-34,12-17
2015-10-20,15:45:51,chinese,female,thin,yes,toddler,big,Unknown,casual,white,short_sleeve,white,short,clothes,5,9,yes,35-41,12-17
2015-10-20,15:52:41,foreigner,male,moderate,no,no_kids,big,blue,casual,black,short_sleeve,black,long,clothes,3,8,no,Unknown,12-17
2015-10-20,16:01:30,malay,female,fat,no,no_kids,big,purple,casual,purple,longsleeve,black,long,clothes,3,7,no,49-55,12-17
2015-10-20,16:34:06,chinese,male,thin,no,no_kids,big,red,casual,Unknown,short_sleeve,black,Unknown,clothes,4,7,no,42-48,12-17
2015-10-20,18:14:37,malay,female,thin,no,no_kids,small,white,casual,white,short_sleeve,grey,Unknown,clothes,6,10,no,42-48,12-17
2015-10-20,18:34:26,malay,male,fat,no,no_kids,big,blue,formal,white,short_sleeve,brown,Unknown,clothes,4,7,yes,Unknown,12-17
2015-10-20,18:37:46,chinese,female,thin,no,no_kids,small,green,casual,grey,short_sleeve,grey,short,clothes,5,9,no,35-41,12-17
2015-10-20,18:48:34,malay,female,thin,yes,no_kids,Unknown,red,formal,orange,longsleeve,black,long,clothes,5,10,no,35-41,12-17
2015-10-20,18:57:46,malay,female,fat,no,no_kids,big,red,traditional,brown,longsleeve,brown,long,clothes,5,9,no,28-34,12-17
2015-10-20,20:09:18,malay,female,fat,no,no_kids,big,blue,casual,grey,longsleeve,black,long,blankets,4,8,no,35-41,18-23
2015-10-20,20:21:03,malay,male,thin,yes,no_kids,big,red,casual,black,short_sleeve,blue,long,clothes,4,10,yes,28-34,18-23
2015-10-20,20:21:03,Unknown,female,moderate,no,no_kids,big,blue,formal,grey,longsleeve,black,long,blankets,3,7,no,42-48,18-23
2015-10-20,20:32:37,malay,female,moderate,no,no_kids,big,black,casual,red,longsleeve,red,long,Unknown,6,8,no,49-55,18-23
2015-10-20,20:44:46,indian,male,fat,no,no_kids,big,purple,casual,red,short_sleeve,black,short,clothes,5,7,no,42-48,18-23
2015-10-20,20:48:32,malay,female,fat,no,no_kids,big,blue,casual,Unknown,longsleeve,brown,long,Unknown,3,9,yes,Unknown,18-23
2015-10-20,21:39:30,Unknown,male,Unknown,no,no_kids,big,red,casual,black,short_sleeve,blue,short,clothes,4,8,no,49-55,18-23
2015-10-20,21:44:10,indian,male,fat,no,no_kids,big,red,casual,Unknown,short_sleeve,blue,short,clothes,5,10,no,42-48,18-23
2015-10-20,21:05:59,malay,female,fat,yes,toddler,big,orange,casual,black,short_sleeve,black,long,blankets,5,9,no,42-48,18-23
2015-10-20,22:04:52,indian,female,fat,no,no_kids,small,white,traditional,red,short_sleeve,black,long,clothes,5,7,no,42-48,18-23
2015-10-20,22:04:52,foreigner,male,moderate,no,no_kids,big,white,casual,white,short_sleeve,black,long,clothes,3,9,no,49-55,18-23
2015-10-20,22:10:28,foreigner,male,thin,yes,no_kids,big,yellow,casual,white,short_sleeve,black,long,clothes,3,8,no,35-41,18-23
2015-10-20,22:12:39,chinese,female,thin,no,no_kids,big,Unknown,casual,blue,longsleeve,yellow,short,clothes,6,7,no,35-41,18-23
2015-10-20,22:18:01,malay,male,thin,yes,young,big,white,formal,brown,longsleeve,blue,long,clothes,6,8,no,49-55,18-23
2015-10-20,22:20:42,malay,male,thin,yes,toddler,big,black,casual,white,short_sleeve,blue,long,clothes,3,10,no,28-34,18-23
2015-10-20,22:24:54,indian,male,fat,no,no_kids,big,blue,casual,white,short_sleeve,black,long,clothes,6,10,no,42-48,18-23
2015-10-20,22:24:54,indian,female,fat,yes,young,small,white,traditional,brown,short_sleeve,blue,long,clothes,5,8,no,28-34,18-23
2015-10-20,22:37:12,malay,female,thin,yes,toddler,Unknown,black,casual,grey,short_sleeve,grey,long,clothes,3,8,no,49-55,18-23
2015-10-20,22:54:56,malay,male,thin,yes,toddler,big,Unknown,casual,white,short_sleeve,blue,long,clothes,4,10,no,Unknown,18-23
2015-10-20,22:59:55,indian,female,moderate,yes,baby,big,white,casual,blue,short_sleeve,brown,short,clothes,3,9,no,49-55,18-23
2015-10-20,23:08:44,indian,male,thin,no,no_kids,small,yellow,casual,Unknown,short_sleeve,black,long,blankets,5,10,no,28-34,18-23
2015-10-20,23:08:44,indian,male,moderate,no,no_kids,small,white,formal,blue,longsleeve,black,Unknown,Unknown,6,10,yes,49-55,18-23
2015-10-20,23:15:42,malay,male,thin,no,no_kids,small,red,casual,brown,longsleeve,blue,long,blankets,4,8,no,42-48,18-23
2015-10-20,00:04:56,malay,female,moderate,no,no_kids,big,pink,formal,red,longsleeve,black,long,blankets,3,7,no,42-48,0-5
2015-10-21,02:17:42,indian,male,thin,no,no_kids,small,white,casual,black,short_sleeve,white,short,clothes,6,7,no,28-34,0-5
2015-10-21,07:35:52,indian,female,fat,no,no_kids,small,blue,casual,blue,short_sleeve,white,Unknown,clothes,4,8,no,42-48,6-11
2015-10-21,07:58:48,chinese,female,Unknown,no,no_kids,big,red,casual,blue,short_sleeve,brown,long,clothes,3,7,no,49-55,6-11
2015-10-21,11:21:04,chinese,male,thin,no,no_kids,big,yellow,casual,grey,short_sleeve,white,long,clothes,3,8,no,42-48,6-11
2015-10-21,11:56:35,malay,male,moderate,yes,no_kids,big,red,casual,grey,short_sleeve,brown,long,clothes,5,8,no,28-34,6-11
2015-10-21,12:01:57,chinese,male,thin,yes,no_kids,small,white,casual,red,short_sleeve,blue,long,clothes,3,9,yes,35-41,6-11
2015-10-21,12:32:17,malay,female,thin,no,no_kids,big,red,casual,blue,longsleeve,black,Unknown,clothes,5,10,no,28-34,6-11
2015-10-21,12:44:01,chinese,male,thin,no,no_kids,Unknown,white,casual,red,short_sleeve,black,long,clothes,3,8,no,49-55,6-11
2015-10-21,13:04:37,malay,male,moderate,no,no_kids,small,white,casual,green,short_sleeve,blue,long,clothes,5,7,no,49-55,12-17
2015-10-21,14:18:47,chinese,female,fat,no,no_kids,big,blue,casual,grey,longsleeve,white,long,clothes,3,10,yes,42-48,12-17
2015-10-21,14:30:07,malay,male,fat,yes,toddler,big,white,casual,grey,short_sleeve,black,long,clothes,3,7,no,35-41,12-17
2015-10-21,14:32:50,malay,female,moderate,yes,young,big,blue,traditional,green,longsleeve,white,long,clothes,5,9,yes,42-48,12-17
2015-10-21,15:05:32,Unknown,female,moderate,yes,toddler,big,blue,traditional,purple,longsleeve,purple,long,blankets,4,8,no,42-48,12-17
2015-10-21,16:53:36,chinese,male,moderate,no,no_kids,Unknown,white,casual,Unknown,short_sleeve,yellow,short,clothes,4,9,no,49-55,12-17
2015-10-21,19:35:17,malay,female,fat,no,no_kids,big,blue,traditional,brown,longsleeve,brown,long,clothes,6,8,no,Unknown,18-23
2015-10-21,19:35:17,malay,female,Unknown,no,no_kids,Unknown,white,traditional,purple,longsleeve,purple,long,clothes,4,7,yes,49-55,18-23
2015-10-21,19:35:17,indian,male,Unknown,no,no_kids,Unknown,black,casual,black,short_sleeve,blue,long,clothes,3,7,no,49-55,18-23
2015-10-21,21:13:41,malay,male,thin,no,no_kids,big,black,traditional,brown,longsleeve,brown,long,clothes,6,10,no,49-55,18-23
2015-10-21,21:13:41,malay,male,thin,no,no_kids,big,white,casual,black,short_sleeve,black,long,clothes,6,8,no,28-34,18-23
2015-10-21,21:13:41,chinese,male,moderate,no,no_kids,big,blue,casual,blue,short_sleeve,red,short,clothes,5,9,yes,28-34,18-23
2015-10-21,21:13:41,indian,male,thin,no,no_kids,big,white,formal,white,longsleeve,black,long,clothes,3,7,no,Unknown,18-23
2015-10-22,07:31:47,malay,female,moderate,no,no_kids,big,yellow,traditional,white,longsleeve,white,long,clothes,4,8,no,49-55,6-11
2015-10-22,09:19:35,malay,female,fat,no,no_kids,big,white,traditional,blue,longsleeve,black,Unknown,clothes,5,7,no,28-34,6-11
2015-10-22,09:19:35,malay,female,moderate,no,no_kids,big,blue,formal,grey,longsleeve,black,long,clothes,4,8,no,49-55,6-11
2015-10-22,09:48:38,chinese,female,thin,no,no_kids,big,blue,casual,pink,short_sleeve,black,long,blankets,4,7,no,Unknown,6-11
2015-10-22,10:08:57,malay,male,moderate,no,no_kids,big,Unknown,casual,Unknown,short_sleeve,yellow,long,clothes,3,8,yes,49-55,6-11
2015-10-22,10:50:38,malay,female,thin,no,no_kids,big,blue,casual,brown,longsleeve,black,long,clothes,5,9,no,49-55,6-11
2015-10-22,10:50:38,malay,female,thin,no,no_kids,big,black,casual,red,short_sleeve,white,long,clothes,3,8,yes,42-48,6-11
2015-10-22,13:14:43,foreigner,female,moderate,no,no_kids,big,white,casual,white,short_sleeve,white,long,Unknown,5,10,no,35-41,12-17
2015-10-22,13:17:51,malay,female,fat,no,no_kids,big,blue,formal,pink,longsleeve,black,Unknown,clothes,3,7,no,49-55,12-17
2015-10-22,13:17:51,malay,male,fat,no,no_kids,big,green,casual,green,short_sleeve,black,long,clothes,3,10,no,35-41,12-17
2015-10-22,14:38:23,malay,male,moderate,no,no_kids,small,white,casual,brown,short_sleeve,grey,long,clothes,4,8,yes,49-55,12-17
2015-10-22,15:10:04,malay,female,Unknown,no,no_kids,small,green,casual,red,longsleeve,purple,long,clothes,4,7,no,28-34,12-17
2015-10-22,15:42:25,malay,female,fat,no,no_kids,big,blue,casual,green,longsleeve,black,long,clothes,6,10,no,35-41,12-17
2015-10-22,18:42:40,indian,male,fat,no,no_kids,big,white,casual,yellow,short_sleeve,grey,short,clothes,5,7,no,42-48,12-17
2015-10-22,19:48:07,chinese,male,thin,yes,baby,big,blue,casual,black,short_sleeve,black,long,clothes,3,10,no,49-55,18-23
2015-10-22,20:23:30,foreigner,male,moderate,no,no_kids,big,blue,casual,black,short_sleeve,black,long,clothes,3,7,no,49-55,18-23
2015-10-22,20:49:14,chinese,male,thin,no,no_kids,big,black,casual,black,short_sleeve,blue,long,Unknown,5,8,no,42-48,18-23
2015-10-22,22:10:13,indian,male,moderate,no,no_kids,big,white,casual,green,short_sleeve,brown,short,clothes,3,9,no,28-34,18-23
2015-10-22,22:52:01,chinese,female,thin,no,no_kids,big,blue,casual,white,short_sleeve,brown,short,clothes,3,9,no,28-34,18-23
2015-10-22,23:18:33,indian,male,fat,no,no_kids,big,black,casual,blue,short_sleeve,black,short,clothes,6,7,no,42-48,18-23
2015-10-23,01:09:08,chinese,female,fat,yes,toddler,big,red,casual,red,short_sleeve,green,Unknown,clothes,6,10,no,28-34,0-5
2015-10-23,01:31:55,chinese,male,fat,no,no_kids,big,yellow,casual,brown,short_sleeve,black,long,Unknown,3,8,yes,28-34,0-5
2015-10-23,01:52:36,indian,female,fat,no,no_kids,big,white,casual,grey,short_sleeve,black,long,clothes,3,10,no,35-41,0-5
2015-10-23,02:48:52,malay,male,fat,no,no_kids,big,Unknown,casual,blue,short_sleeve,grey,long,Unknown,5,7,no,35-41,0-5
2015-10-23,04:35:37,indian,male,moderate,no,no_kids,big,yellow,formal,white,short_sleeve,black,long,clothes,5,8,no,Unknown,0-5
2015-10-23,07:07:53,malay,female,fat,yes,baby,big,red,casual,white,short_sleeve,black,long,clothes,5,7,yes,49-55,6-11
2015-10-23,07:31:00,malay,male,fat,no,no_kids,big,red,casual,red,longsleeve,brown,short,clothes,3,7,no,28-34,6-11
2015-10-23,10:27:02,Unknown,male,thin,no,no_kids,big,red,formal,white,short_sleeve,black,long,clothes,5,9,yes,42-48,6-11
2015-10-23,11:14:22,malay,male,fat,yes,baby,big,Unknown,casual,red,short_sleeve,brown,Unknown,clothes,3,9,no,49-55,6-11
2015-10-23,11:17:03,malay,female,moderate,yes,toddler,big,Unknown,formal,pink,longsleeve,black,Unknown,clothes,4,7,no,49-55,6-11
2015-10-23,11:54:36,indian,male,moderate,no,no_kids,small,green,formal,white,short_sleeve,black,Unknown,clothes,3,9,no,35-41,6-11
2015-10-23,11:59:37,malay,male,moderate,no,no_kids,big,Unknown,formal,Unknown,short_sleeve,grey,long,clothes,4,10,no,35-41,6-11
2015-10-23,12:00:06,malay,male,fat,no,no_kids,big,blue,casual,black,longsleeve,black,long,clothes,6,10,no,49-55,6-11
2015-10-23,12:00:06,malay,male,fat,no,no_kids,big,Unknown,casual,black,short_sleeve,black,long,clothes,3,8,no,Unknown,6-11
2015-10-23,12:23:32,malay,female,thin,no,no_kids,big,blue,casual,blue,short_sleeve,blue,short,Unknown,5,8,no,49-55,6-11
2015-10-23,12:57:44,malay,female,fat,no,no_kids,big,Unknown,casual,black,short_sleeve,black,long,Unknown,6,8,no,35-41,6-11
2015-10-23,15:17:25,malay,female,thin,no,no_kids,big,white,casual,red,short_sleeve,blue,long,clothes,3,7,no,28-34,12-17
2015-10-23,16:11:32,malay,female,thin,yes,baby,big,white,casual,blue,short_sleeve,black,long,blankets,4,9,no,Unknown,12-17
2015-10-23,16:33:34,malay,female,moderate,no,no_kids,big,green,traditional,blue,longsleeve,blue,long,clothes,4,7,yes,35-41,12-17
2015-10-23,17:31:48,malay,female,Unknown,yes,toddler,big,white,casual,red,short_sleeve,blue,long,clothes,6,10,no,35-41,12-17
2015-10-23,17:31:48,malay,female,fat,no,no_kids,big,blue,casual,brown,short_sleeve,white,long,clothes,5,9,no,49-55,12-17
2015-10-23,19:47:39,chinese,female,Unknown,no,no_kids,Unknown,white,casual,green,short_sleeve,black,long,clothes,6,7,no,28-34,18-23
2015-10-23,19:55:14,chinese,male,moderate,no,no_kids,Unknown,blue,casual,white,short_sleeve,black,Unknown,clothes,3,9,no,42-48,18-23
2015-10-23,20:39:42,foreigner,male,thin,no,no_kids,big,brown,casual,red,short_sleeve,grey,long,clothes,6,9,no,42-48,18-23
2015-10-23,21:18:54,foreigner,female,thin,yes,young,big,blue,casual,black,short_sleeve,black,long,clothes,3,9,no,Unknown,18-23
2015-10-23,22:31:34,indian,female,Unknown,yes,young,big,red,casual,purple,short_sleeve,black,Unknown,clothes,4,10,no,35-41,18-23
2015-10-23,22:58:27,chinese,female,thin,no,no_kids,big,blue,casual,Unknown,short_sleeve,brown,long,clothes,5,9,yes,42-48,18-23
2015-10-23,23:38:01,malay,male,fat,no,no_kids,big,blue,casual,blue,short_sleeve,black,long,clothes,3,7,no,Unknown,18-23
2015-10-24,00:18:48,chinese,male,fat,no,no_kids,big,red,casual,blue,short_sleeve,green,short,clothes,3,9,yes,35-41,0-5
2015-10-24,00:38:01,malay,male,thin,yes,baby,big,blue,casual,red,short_sleeve,grey,long,clothes,3,9,no,Unknown,0-5
2015-10-24,01:31:38,malay,male,fat,no,no_kids,big,red,casual,white,short_sleeve,black,long,Unknown,3,7,yes,49-55,0-5
2015-10-24,06:56:49,chinese,female,moderate,no,no_kids,big,red,casual,Unknown,short_sleeve,black,long,Unknown,6,9,no,35-41,0-5
2015-10-24,08:51:44,Unknown,male,fat,no,no_kids,big,black,casual,white,longsleeve,brown,Unknown,clothes,4,10,no,35-41,6-11
2015-10-24,09:07:33,indian,female,thin,no,no_kids,big,green,casual,brown,short_sleeve,grey,long,Unknown,6,9,no,35-41,6-11
2015-10-24,09:22:05,malay,female,thin,no,no_kids,Unknown,red,casual,brown,longsleeve,brown,long,blankets,3,7,no,49-55,6-11
2015-10-24,09:23:10,malay,female,Unknown,no,no_kids,big,red,casual,red,longsleeve,brown,long,clothes,6,9,no,42-48,6-11
2015-10-24,09:23:10,Unknown,female,thin,no,no_kids,big,red,casual,green,longsleeve,red,long,clothes,6,8,no,42-48,6-11
2015-10-24,10:30:48,chinese,female,thin,no,no_kids,big,red,casual,Unknown,short_sleeve,brown,short,Unknown,6,9,no,49-55,6-11
2015-10-24,10:30:48,malay,male,thin,yes,toddler,big,black,casual,black,short_sleeve,blue,long,clothes,4,10,no,49-55,6-11
2015-10-24,10:47:32,Unknown,female,fat,no,no_kids,big,blue,casual,Unknown,longsleeve,black,long,clothes,5,8,no,42-48,6-11
2015-10-24,11:12:18,malay,female,moderate,yes,young,big,red,casual,black,short_sleeve,red,long,Unknown,4,7,no,Unknown,6-11
2015-10-24,11:32:11,malay,male,fat,yes,young,big,blue,casual,orange,short_sleeve,grey,short,clothes,6,10,no,35-41,6-11
2015-10-24,11:34:26,indian,female,Unknown,no,no_kids,big,red,casual,grey,short_sleeve,brown,short,Unknown,6,7,no,35-41,6-11
2015-10-24,12:14:54,chinese,male,thin,yes,baby,big,blue,casual,black,short_sleeve,grey,long,blankets,6,7,yes,49-55,6-11
2015-10-24,12:37:44,chinese,male,moderate,yes,no_kids,small,white,casual,red,short_sleeve,brown,short,clothes,6,10,no,49-55,6-11
2015-10-24,13:05:01,chinese,male,thin,no,no_kids,big,black,casual,red,short_sleeve,blue,long,clothes,6,7,no,49-55,12-17
2015-10-24,13:30:48,malay,female,Unknown,no,no_kids,big,red,casual,blue,short_sleeve,brown,long,clothes,4,8,yes,28-34,12-17
2015-10-24,13:37:15,malay,female,thin,no,no_kids,big,Unknown,casual,red,short_sleeve,black,long,clothes,5,9,no,49-55,12-17
2015-10-24,14:07:01,malay,male,moderate,no,no_kids,big,red,casual,brown,short_sleeve,white,long,clothes,4,10,no,28-34,12-17
2015-10-24,14:28:38,indian,female,Unknown,no,no_kids,small,white,casual,Unknown,short_sleeve,black,long,clothes,5,10,no,49-55,12-17
2015-10-24,14:55:41,Unknown,female,thin,no,no_kids,big,black,casual,Unknown,short_sleeve,black,long,clothes,4,8,no,49-55,12-17
2015-10-24,15:01:59,indian,male,fat,no,no_kids,Unknown,Unknown,formal,orange,longsleeve,black,long,blankets,4,7,yes,28-34,12-17
2015-10-24,15:20:20,malay,female,thin,no,no_kids,big,blue,casual,blue,short_sleeve,brown,long,blankets,6,8,no,42-48,12-17
2015-10-24,15:30:07,malay,male,fat,no,no_kids,big,blue,casual,black,short_sleeve,blue,long,clothes,5,10,no,35-41,12-17
2015-10-24,15:30:07,chinese,female,thin,no,no_kids,big,red,casual,white,short_sleeve,black,long,clothes,3,8,no,49-55,12-17
2015-10-24,15:30:07,chinese,male,moderate,no,no_kids,big,white,casual,black,short_sleeve,black,long,clothes,4,7,yes,35-41,12-17
2015-10-24,17:07:48,Unknown,female,thin,yes,young,big,red,casual,white,short_sleeve,black,long,clothes,5,7,no,49-55,12-17
2015-10-24,18:56:36,indian,female,moderate,no,no_kids,big,blue,casual,Unknown,short_sleeve,blue,long,clothes,3,7,no,49-55,12-17
2015-10-24,19:02:34,indian,female,thin,no,no_kids,Unknown,black,casual,white,longsleeve,black,long,blankets,5,10,yes,35-41,18-23
2015-10-24,19:39:23,malay,male,thin,no,no_kids,big,Unknown,casual,red,short_sleeve,black,long,clothes,3,7,yes,35-41,18-23
2015-10-24,19:39:23,chinese,female,moderate,no,no_kids,big,Unknown,casual,black,short_sleeve,white,long,clothes,4,10,no,35-41,18-23
2015-10-24,20:03:39,malay,male,thin,no,no_kids,big,blue,casual,black,short_sleeve,blue,long,blankets,4,9,no,35-41,18-23
2015-10-24,20:07:19,chinese,female,thin,yes,no_kids,big,blue,casual,black,short_sleeve,white,long,clothes,4,8,no,49-55,18-23
2015-10-24,20:59:01,malay,male,fat,no,no_kids,big,pink,casual,grey,longsleeve,blue,long,clothes,3,8,yes,28-34,18-23
2015-10-24,20:59:01,malay,female,fat,no,no_kids,big,black,casual,blue,short_sleeve,black,long,clothes,5,7,no,42-48,18-23
2015-10-24,20:59:01,malay,female,fat,yes,no_kids,big,white,casual,blue,short_sleeve,brown,long,clothes,3,7,yes,49-55,18-23
2015-10-24,21:06:04,indian,male,thin,yes,no_kids,big,white,casual,red,short_sleeve,green,long,clothes,6,9,no,42-48,18-23
2015-10-24,21:12:32,malay,female,fat,no,no_kids,big,grey,casual,red,longsleeve,grey,long,Unknown,6,9,no,35-41,18-23
2015-10-24,21:12:32,malay,female,thin,no,no_kids,Unknown,black,casual,grey,short_sleeve,brown,Unknown,clothes,5,8,yes,49-55,18-23
2015-10-24,21:45:54,malay,female,thin,yes,no_kids,big,blue,casual,red,longsleeve,grey,long,clothes,4,8,no,35-41,18-23
2015-10-24,21:45:54,malay,male,fat,no,no_kids,big,blue,casual,black,short_sleeve,black,long,clothes,3,7,yes,49-55,18-23
2015-10-24,23:32:46,chinese,female,thin,yes,no_kids,big,Unknown,formal,white,short_sleeve,blue,long,clothes,6,8,no,28-34,18-23
2015-10-24,23:40:46,indian,male,thin,no,no_kids,big,blue,casual,blue,short_sleeve,brown,short,Unknown,4,10,no,42-48,18-23
2015-10-24,23:47:35,chinese,male,thin,no,no_kids,Unknown,black,casual,Unknown,short_sleeve,blue,short,clothes,3,8,no,28-34,18-23
2015-10-25,00:08:09,malay,male,fat,no,no_kids,big,black,casual,red,short_sleeve,black,long,blankets,4,7,no,Unknown,0-5
2015-10-25,00:11:08,malay,male,fat,no,no_kids,big,grey,casual,grey,short_sleeve,red,Unknown,clothes,6,10,yes,49-55,0-5
2015-10-25,01:29:47,chinese,female,fat,no,no_kids,big,brown,casual,black,short_sleeve,black,long,Unknown,3,7,no,49-55,0-5
2015-10-25,08:15:00,chinese,female,thin,no,no_kids,big,blue,casual,pink,short_sleeve,pink,short,clothes,3,10,yes,28-34,6-11
2015-10-25,08:17:23,malay,male,fat,no,no_kids,small,red,casual,orange,short_sleeve,blue,long,clothes,4,8,yes,49-55,6-11
2015-10-26,08:40:01,malay,female,moderate,no,no_kids,big,purple,casual,blue,longsleeve,black,long,clothes,6,10,yes,42-48,6-11
2015-10-26,08:40:01,malay,male,thin,yes,no_kids,small,red,casual,orange,short_sleeve,white,long,clothes,6,9,yes,28-34,6-11
2015-10-26,08:40:01,malay,male,fat,no,no_kids,big,white,casual,purple,longsleeve,pink,long,clothes,5,8,no,Unknown,6-11
2015-10-26,08:40:01,malay,male,moderate,yes,baby,big,green,casual,black,short_sleeve,grey,long,clothes,3,9,no,35-41,6-11
2015-10-26,09:15:05,indian,male,moderate,no,no_kids,big,white,casual,black,short_sleeve,blue,long,clothes,6,7,no,35-41,6-11
2015-10-29,21:19:48,chinese,female,moderate,no,no_kids,small,black,casual,purple,short_sleeve,purple,long,clothes,6,8,no,42-48,18-23
2015-10-29,21:28:23,Unknown,female,fat,no,no_kids,big,black,casual,red,short_sleeve,brown,short,clothes,5,10,no,28-34,18-23
2015-10-29,21:28:23,malay,male,fat,no,no_kids,small,Unknown,casual,grey,longsleeve,blue,short,clothes,3,8,no,35-41,18-23
2015-10-29,21:30:29,foreigner,female,fat,no,no_kids,big,purple,casual,Unknown,short_sleeve,black,long,clothes,6,10,no,42-48,18-23
2015-10-29,21:49:52,indian,female,fat,yes,young,big,black,formal,pink,short_sleeve,grey,long,clothes,6,9,no,35-41,18-23
2015-10-29,21:59:25,malay,female,fat,no,no_kids,big,grey,casual,black,longsleeve,white,long,clothes,4,10,no,42-48,18-23
2015-10-29,21:59:25,chinese,male,fat,no,no_kids,big,black,casual,brown,short_sleeve,grey,short,clothes,6,8,no,28-34,18-23
2015-10-29,21:59:25,malay,female,moderate,no,no_kids,big,white,casual,black,longsleeve,black,long,clothes,6,7,no,42-48,18-23
2015-10-29,22:38:51,indian,male,fat,no,no_kids,big,red,casual,blue,short_sleeve,white,long,clothes,6,10,no,35-41,18-23
2015-10-30,18:53:06,malay,male,thin,no,no_kids,big,green,formal,grey,longsleeve,black,long,clothes,5,8,no,49-55,12-17
2015-11-01,06:44:39,Unknown,female,fat,no,no_kids,big,red,casual,black,short_sleeve,blue,long,clothes,4,10,no,42-48,0-5
2015-11-01,07:15:46,malay,female,thin,no,no_kids,big,blue,casual,pink,longsleeve,green,long,clothes,6,10,yes,42-48,6-11
2015-11-01,07:49:27,indian,male,thin,no,no_kids,big,yellow,casual,red,short_sleeve,purple,Unknown,clothes,4,8,no,49-55,6-11
2015-11-01,08:07:53,malay,male,fat,yes,young,big,black,casual,Unknown,short_sleeve,blue,long,clothes,6,9,no,28-34,6-11
2015-11-02,13:32:51,Unknown,male,thin,no,no_kids,Unknown,white,formal,orange,longsleeve,black,long,clothes,3,9,no,42-48,12-17
2015-11-02,13:54:53,indian,male,moderate,no,no_kids,Unknown,black,casual,black,short_sleeve,black,Unknown,clothes,6,10,no,49-55,12-17
2015-11-02,14:29:06,malay,female,fat,no,no_kids,big,red,casual,Unknown,short_sleeve,black,Unknown,clothes,3,7,no,28-34,12-17
2015-11-02,14:40:43,malay,female,thin,no,no_kids,big,white,formal,black,longsleeve,black,long,clothes,6,7,no,49-55,12-17
2015-11-02,14:50:13,malay,male,fat,no,no_kids,small,white,casual,white,short_sleeve,white,Unknown,clothes,6,8,no,42-48,12-17
2015-11-02,14:50:13,malay,male,moderate,no,no_kids,big,orange,casual,black,short_sleeve,grey,long,clothes,3,7,no,49-55,12-17
2015-11-02,15:15:59,indian,female,thin,no,no_kids,big,red,casual,blue,longsleeve,black,long,clothes,4,8,no,Unknown,12-17
2015-11-02,15:20:26,indian,male,thin,no,no_kids,big,blue,casual,black,short_sleeve,grey,long,clothes,3,7,no,42-48,12-17
2015-11-02,17:19:17,malay,female,Unknown,no,no_kids,big,red,traditional,Unknown,longsleeve,white,long,clothes,6,9,yes,42-48,12-17
2015-11-02,17:23:07,malay,female,fat,no,no_kids,big,red,traditional,red,longsleeve,red,long,clothes,5,9,yes,Unknown,12-17
2015-11-02,17:23:07,malay,female,fat,no,no_kids,big,red,traditional,purple,longsleeve,purple,long,clothes,3,7,no,49-55,12-17
2015-11-02,17:43:38,malay,female,thin,no,no_kids,big,pink,traditional,purple,longsleeve,purple,long,clothes,5,10,yes,28-34,12-17
2015-11-02,17:47:23,indian,female,thin,no,no_kids,big,Unknown,casual,Unknown,short_sleeve,black,long,blankets,4,8,no,Unknown,12-17
2015-11-02,18:06:43,malay,male,fat,no,no_kids,big,blue,casual,black,short_sleeve,grey,long,Unknown,5,9,no,35-41,12-17
2015-11-02,18:18:21,foreigner,male,moderate,no,no_kids,big,brown,casual,green,longsleeve,blue,long,clothes,6,7,no,42-48,12-17
2015-11-02,18:39:35,indian,male,thin,no,no_kids,big,red,casual,orange,short_sleeve,black,Unknown,clothes,5,7,no,49-55,12-17
2015-11-02,18:39:35,malay,female,thin,no,no_kids,small,pink,traditional,Unknown,longsleeve,purple,long,clothes,3,10,no,28-34,12-17
2015-11-02,19:00:24,malay,male,moderate,no,no_kids,big,black,casual,blue,longsleeve,black,long,clothes,6,7,no,28-34,18-23
2015-11-02,19:02:13,malay,male,fat,no,no_kids,big,blue,casual,black,short_sleeve,grey,long,clothes,5,9,no,35-41,18-23
2015-11-02,19:00:14,malay,female,fat,no,no_kids,big,blue,casual,Unknown,longsleeve,grey,long,clothes,3,7,no,28-34,18-23
2015-11-02,19:14:08,indian,female,moderate,no,no_kids,big,Unknown,casual,orange,short_sleeve,black,short,clothes,5,8,no,49-55,18-23
2015-11-02,19:14:08,chinese,male,fat,no,no_kids,big,blue,casual,Unknown,short_sleeve,white,short,clothes,3,7,no,49-55,18-23
2015-11-02,19:35:06,malay,female,moderate,no,no_kids,big,blue,casual,white,short_sleeve,red,short,clothes,3,10,no,35-41,18-23
2015-11-02,19:36:41,foreigner,male,thin,no,no_kids,small,brown,casual,grey,short_sleeve,brown,short,clothes,5,10,no,Unknown,18-23
2015-11-02,19:49:45,foreigner,male,Unknown,no,no_kids,big,green,casual,green,short_sleeve,blue,long,clothes,3,8,no,Unknown,18-23
2015-11-02,20:11:16,malay,male,fat,no,no_kids,big,Unknown,traditional,Unknown,longsleeve,brown,long,clothes,6,9,yes,49-55,18-23
2015-11-02,20:11:16,malay,female,fat,no,no_kids,big,grey,casual,green,short_sleeve,black,long,clothes,3,9,no,35-41,18-23
2015-11-02,20:43:51,malay,male,fat,no,no_kids,big,white,casual,black,short_sleeve,green,long,clothes,5,10,no,35-41,18-23
2015-11-02,21:21:52,malay,male,fat,no,no_kids,big,Unknown,casual,Unknown,short_sleeve,blue,long,clothes,5,10,yes,42-48,18-23
2015-11-02,21:31:46,malay,female,thin,no,no_kids,big,green,formal,white,longsleeve,black,long,clothes,5,10,no,49-55,18-23
2015-11-02,21:36:02,malay,male,thin,no,no_kids,big,black,casual,white,short_sleeve,black,long,blankets,4,8,yes,35-41,18-23
2015-11-02,22:08:41,indian,male,moderate,no,no_kids,big,white,casual,brown,short_sleeve,grey,long,clothes,6,10,no,28-34,18-23
2015-11-02,22:10:28,malay,female,thin,no,no_kids,big,pink,casual,purple,longsleeve,purple,long,clothes,3,8,yes,49-55,18-23
2015-11-02,23:09:00,indian,female,thin,no,no_kids,big,white,casual,black,short_sleeve,black,long,clothes,5,9,no,28-34,18-23
2015-11-02,23:12:22,indian,female,Unknown,no,no_kids,big,white,formal,purple,longsleeve,black,long,clothes,6,7,no,42-48,18-23
2015-11-02,23:14:25,Unknown,female,Unknown,no,no_kids,big,white,traditional,green,short_sleeve,black,long,blankets,3,8,no,28-34,18-23
2015-11-03,00:26:16,chinese,male,thin,no,no_kids,big,white,casual,blue,short_sleeve,white,short,clothes,5,10,no,49-55,0-5
2015-11-03,00:34:09,indian,male,thin,no,no_kids,big,white,casual,black,short_sleeve,black,long,clothes,5,8,no,28-34,0-5
2015-11-03,00:54:05,chinese,male,fat,no,no_kids,big,white,casual,yellow,short_sleeve,brown,long,clothes,5,7,yes,28-34,0-5
2015-11-03,01:14:32,indian,female,fat,no,no_kids,big,blue,formal,black,longsleeve,black,long,clothes,3,10,no,35-41,0-5
2015-11-03,08:09:27,chinese,female,fat,no,no_kids,big,brown,casual,orange,short_sleeve,black,long,clothes,4,10,no,35-41,6-11
2015-11-03,08:51:31,Unknown,male,fat,no,no_kids,big,blue,casual,grey,short_sleeve,blue,short,clothes,4,7,yes,35-41,6-11
2015-11-03,09:20:56,indian,male,moderate,no,no_kids,big,red,casual,brown,short_sleeve,blue,short,clothes,3,7,no,35-41,6-11
2015-11-03,10:39:34,malay,female,thin,no,no_kids,big,blue,formal,orange,longsleeve,blue,long,clothes,4,7,no,28-34,6-11
2015-11-03,14:27:01,chinese,female,moderate,no,no_kids,big,black,casual,brown,short_sleeve,black,Unknown,clothes,3,7,no,49-55,12-17
2015-11-03,15:22:19,indian,male,moderate,no,no_kids,big,white,casual,red,short_sleeve,grey,Unknown,clothes,3,10,no,42-48,12-17
2015-11-03,17:15:38,chinese,male,thin,no,no_kids,big,red,casual,red,short_sleeve,blue,short,clothes,4,8,no,42-48,12-17
2015-11-03,17:51:32,malay,female,fat,no,no_kids,big,Unknown,traditional,blue,longsleeve,blue,long,clothes,4,8,no,28-34,12-17
2015-11-03,18:47:12,chinese,female,thin,no,no_kids,big,orange,casual,grey,longsleeve,black,long,clothes,3,8,no,35-41,12-17
2015-11-03,19:16:59,foreigner,male,thin,no,no_kids,big,white,casual,white,short_sleeve,pink,short,clothes,6,9,no,42-48,18-23
2015-11-03,19:37:38,foreigner,female,fat,no,no_kids,big,Unknown,casual,yellow,short_sleeve,black,long,clothes,5,7,no,35-41,18-23
2015-11-03,19:37:38,foreigner,female,fat,no,no_kids,big,white,casual,green,longsleeve,white,long,blankets,5,8,no,49-55,18-23
2015-11-03,19:40:43,chinese,female,Unknown,no,no_kids,big,blue,casual,Unknown,short_sleeve,black,long,clothes,6,10,no,42-48,18-23
2015-11-03,19:40:43,malay,female,fat,no,no_kids,big,white,casual,red,short_sleeve,brown,long,clothes,5,10,no,42-48,18-23
2015-11-03,19:40:43,Unknown,female,Unknown,no,no_kids,big,black,casual,red,short_sleeve,black,long,clothes,3,9,no,42-48,18-23
2015-11-03,20:20:31,malay,male,fat,no,no_kids,big,red,casual,purple,short_sleeve,white,short,clothes,4,8,no,28-34,18-23
2015-11-03,20:22:04,malay,female,fat,no,no_kids,Unknown,Unknown,casual,green,short_sleeve,black,long,clothes,6,9,no,35-41,18-23
2015-11-03,20:44:37,malay,female,thin,no,no_kids,big,grey,casual,Unknown,short_sleeve,grey,short,clothes,6,10,no,Unknown,18-23
2015-11-03,21:13:30,malay,female,fat,no,no_kids,big,blue,casual,black,short_sleeve,black,long,blankets,3,9,no,49-55,18-23
2015-11-03,21:15:51,malay,female,fat,no,no_kids,big,black,casual,black,longsleeve,pink,short,clothes,4,8,no,42-48,18-23
2015-11-03,21:15:51,chinese,female,thin,no,no_kids,big,white,casual,yellow,short_sleeve,black,short,Unknown,3,7,no,35-41,18-23
2015-11-03,21:26:53,malay,male,fat,no,no_kids,big,black,casual,yellow,short_sleeve,grey,long,clothes,5,7,no,28-34,18-23
2015-11-03,21:30:09,malay,male,thin,no,no_kids,big,red,casual,black,short_sleeve,grey,long,clothes,4,7,yes,28-34,18-23
2015-11-03,21:32:52,malay,male,fat,yes,young,big,white,casual,yellow,short_sleeve,grey,long,clothes,5,9,no,28-34,18-23
2015-11-03,21:56:30,indian,male,moderate,no,no_kids,big,red,casual,green,short_sleeve,black,long,clothes,3,10,no,28-34,18-23
2015-11-03,21:58:24,malay,female,fat,yes,toddler,big,blue,casual,black,short_sleeve,grey,long,clothes,5,9,yes,42-48,18-23
2015-11-03,22:32:11,Unknown,male,Unknown,no,no_kids,big,red,casual,yellow,short_sleeve,grey,long,clothes,5,8,no,28-34,18-23
2015-11-03,22:33:00,malay,male,moderate,no,no_kids,big,blue,formal,white,short_sleeve,grey,long,clothes,6,8,no,28-34,18-23
2015-11-03,22:33:00,malay,female,thin,yes,toddler,big,red,casual,red,short_sleeve,black,long,clothes,3,10,yes,42-48,18-23
2015-11-03,22:42:30,chinese,male,Unknown,yes,young,big,Unknown,casual,grey,short_sleeve,red,long,clothes,4,8,no,49-55,18-23
2015-11-03,22:42:30,malay,male,moderate,no,no_kids,big,black,casual,grey,longsleeve,green,long,clothes,3,7,no,42-48,18-23
2015-11-03,23:30:29,malay,female,fat,no,no_kids,big,green,casual,red,short_sleeve,grey,long,clothes,5,7,no,35-41,18-23
2015-11-03,23:30:29,malay,female,moderate,no,no_kids,Unknown,white,casual,red,short_sleeve,black,long,clothes,3,8,no,35-41,18-23
2015-11-03,23:39:34,Unknown,female,moderate,no,no_kids,big,red,casual,brown,short_sleeve,white,long,blankets,3,7,no,35-41,18-23
2015-11-03,23:54:41,chinese,male,thin,no,no_kids,big,Unknown,casual,white,short_sleeve,grey,long,clothes,4,8,no,28-34,18-23
2015-11-03,23:54:41,malay,female,thin,no,no_kids,big,Unknown,casual,white,short_sleeve,black,short,clothes,6,9,no,49-55,18-23
2015-11-03,23:54:41,chinese,male,thin,no,no_kids,big,white,casual,white,short_sleeve,white,short,clothes,5,7,no,35-41,18-23
2015-11-04,01:21:42,indian,male,thin,no,no_kids,big,white,casual,black,short_sleeve,blue,long,blankets,6,9,no,35-41,0-5
2015-11-04,01:35:20,foreigner,male,thin,no,no_kids,big,white,casual,grey,short_sleeve,black,Unknown,clothes,4,8,no,28-34,0-5
2015-11-04,01:56:39,Unknown,male,moderate,no,no_kids,small,white,casual,black,short_sleeve,blue,long,clothes,6,10,no,42-48,0-5
2015-11-04,02:39:24,foreigner,male,fat,no,no_kids,big,green,casual,grey,short_sleeve,blue,long,clothes,6,8,no,Unknown,0-5
2015-11-04,02:39:24,foreigner,female,moderate,no,no_kids,big,Unknown,casual,pink,short_sleeve,grey,long,Unknown,4,9,no,42-48,0-5
2015-11-04,03:59:41,indian,male,moderate,no,no_kids,big,purple,casual,white,short_sleeve,black,long,Unknown,5,10,yes,28-34,0-5
2015-11-04,05:40:28,malay,male,moderate,no,no_kids,big,red,casual,white,short_sleeve,grey,Unknown,blankets,5,9,no,28-34,0-5
2015-11-04,07:25:24,malay,male,thin,no,no_kids,small,white,casual,Unknown,short_sleeve,black,long,clothes,4,9,no,35-41,6-11
2015-11-04,07:51:40,malay,male,moderate,no,no_kids,big,blue,casual,black,short_sleeve,black,long,clothes,6,9,no,35-41,6-11
2015-11-04,08:47:54,indian,male,moderate,no,no_kids,big,blue,formal,Unknown,short_sleeve,brown,long,clothes,6,9,no,35-41,6-11
2015-11-04,09:12:22,indian,female,fat,no,no_kids,big,blue,traditional,red,short_sleeve,white,long,clothes,6,10,no,35-41,6-11
2015-11-04,09:51:50,malay,female,thin,yes,toddler,big,blue,traditional,pink,longsleeve,pink,long,clothes,5,9,no,35-41,6-11
2015-11-04,10:00:57,Unknown,female,thin,no,no_kids,big,black,casual,Unknown,short_sleeve,blue,long,clothes,6,8,no,42-48,6-11
2015-11-04,10:00:57,chinese,female,thin,no,no_kids,big,blue,casual,white,short_sleeve,brown,short,clothes,4,9,no,49-55,6-11
2015-11-04,10:01:50,malay,male,Unknown,yes,toddler,big,Unknown,casual,white,short_sleeve,black,short,clothes,3,7,yes,Unknown,6-11
2015-11-04,10:29:45,malay,male,thin,no,no_kids,big,black,formal,white,short_sleeve,black,long,clothes,3,10,no,42-48,6-11
2015-11-04,11:41:09,indian,female,thin,no,no_kids,big,red,casual,green,short_sleeve,black,long,blankets,6,8,no,28-34,6-11
2015-11-04,11:58:34,Unknown,male,moderate,no,no_kids,big,white,casual,white,short_sleeve,blue,long,blankets,6,9,no,49-55,6-11
2015-11-04,12:06:55,indian,male,moderate,no,no_kids,big,white,formal,Unknown,short_sleeve,black,long,clothes,4,7,no,42-48,6-11
2015-11-04,12:07:35,indian,male,moderate,no,no_kids,big,white,casual,white,short_sleeve,black,long,clothes,4,9,no,49-55,6-11
2015-11-05,15:26:15,Unknown,male,moderate,no,no_kids,big,blue,casual,green,short_sleeve,blue,long,clothes,4,7,no,42-48,12-17
2015-11-05,15:38:39,indian,male,fat,no,no_kids,big,blue,casual,purple,short_sleeve,grey,long,clothes,5,9,no,Unknown,12-17
2015-11-05,15:47:02,malay,male,moderate,no,no_kids,big,brown,casual,red,short_sleeve,green,short,clothes,6,7,yes,49-55,12-17
2015-11-05,15:52:08,malay,female,thin,no,no_kids,big,white,casual,black,longsleeve,blue,long,clothes,5,10,no,35-41,12-17
2015-11-15,06:29:49,chinese,male,thin,no,no_kids,Unknown,blue,casual,black,short_sleeve,brown,long,clothes,4,7,no,35-41,0-5
2015-11-15,07:09:32,indian,male,Unknown,no,no_kids,big,red,casual,green,short_sleeve,grey,long,clothes,6,7,no,28-34,6-11
2015-11-15,07:27:03,foreigner,female,moderate,no,no_kids,small,blue,traditional,red,longsleeve,red,long,clothes,6,9,no,42-48,6-11
2015-11-15,07:29:00,foreigner,female,thin,no,no_kids,big,red,traditional,Unknown,longsleeve,green,long,clothes,5,10,no,42-48,6-11
2015-11-15,08:00:24,malay,male,fat,yes,young,big,white,traditional,Unknown,longsleeve,white,long,clothes,3,7,no,49-55,6-11
2015-11-15,08:08:58,chinese,male,fat,yes,young,big,white,casual,red,short_sleeve,grey,long,blankets,4,9,yes,49-55,6-11
2015-11-15,08:23:09,indian,male,thin,no,no_kids,big,white,casual,Unknown,short_sleeve,grey,Unknown,clothes,5,7,no,28-34,6-11
2015-11-15,08:23:09,malay,male,moderate,no,no_kids,big,pink,casual,Unknown,short_sleeve,brown,long,clothes,5,8,no,42-48,6-11
2015-11-15,08:39:05,foreigner,male,moderate,no,no_kids,big,white,casual,blue,short_sleeve,grey,long,clothes,6,7,no,28-34,6-11
2015-11-15,09:04:26,malay,female,moderate,yes,baby,big,pink,casual,black,short_sleeve,blue,long,clothes,4,8,no,28-34,6-11
2015-11-15,09:22:56,indian,female,Unknown,no,no_kids,big,white,casual,black,short_sleeve,blue,short,clothes,3,8,no,49-55,6-11
2015-11-15,09:23:33,indian,male,moderate,no,no_kids,big,green,casual,white,short_sleeve,black,short,clothes,3,8,no,35-41,6-11
2015-11-15,09:38:17,malay,female,moderate,yes,toddler,big,brown,casual,black,short_sleeve,blue,long,clothes,5,9,no,42-48,6-11
2015-11-15,09:58:59,chinese,male,thin,no,no_kids,big,white,casual,white,short_sleeve,black,long,clothes,4,10,no,49-55,6-11
2015-11-15,09:58:59,malay,female,thin,no,no_kids,big,black,casual,red,short_sleeve,black,long,clothes,3,7,no,42-48,6-11
2015-11-15,10:26:01,indian,female,thin,no,no_kids,big,black,formal,red,longsleeve,black,long,blankets,3,7,no,35-41,6-11
2015-11-15,10:49:03,chinese,male,moderate,no,no_kids,big,red,casual,grey,short_sleeve,black,Unknown,clothes,4,9,no,42-48,6-11
2015-11-15,10:53:52,chinese,male,fat,no,no_kids,Unknown,green,casual,grey,short_sleeve,brown,short,clothes,5,9,yes,35-41,6-11
2015-11-15,10:58:57,malay,female,thin,yes,toddler,big,white,casual,black,longsleeve,black,long,clothes,6,8,no,49-55,6-11
2015-11-15,10:58:57,indian,male,thin,no,no_kids,big,green,casual,grey,short_sleeve,grey,long,blankets,3,8,yes,35-41,6-11
2015-11-15,11:25:15,indian,female,moderate,yes,young,big,red,casual,white,short_sleeve,purple,short,clothes,3,8,no,42-48,6-11
2015-11-15,11:28:47,indian,female,thin,yes,baby,big,red,casual,white,short_sleeve,black,Unknown,clothes,4,8,no,49-55,6-11
2015-11-15,11:32:19,malay,female,fat,no,no_kids,big,red,casual,white,short_sleeve,black,Unknown,clothes,6,10,no,35-41,6-11
2015-11-15,11:59:28,indian,male,Unknown,no,no_kids,big,blue,casual,pink,short_sleeve,white,short,clothes,5,10,yes,35-41,6-11
2015-11-15,12:00:15,malay,female,fat,yes,toddler,big,red,traditional,white,longsleeve,black,long,clothes,3,10,no,28-34,6-11
2015-11-15,12:19:53,Unknown,male,moderate,no,no_kids,big,white,casual,black,short_sleeve,blue,long,clothes,6,9,no,35-41,6-11
2015-11-15,12:19:53,indian,male,moderate,no,no_kids,big,orange,casual,white,short_sleeve,grey,short,blankets,5,8,no,Unknown,6-11
2015-11-15,12:19:53,chinese,male,thin,no,no_kids,big,yellow,casual,black,short_sleeve,brown,Unknown,clothes,5,7,no,49-55,6-11
2015-11-15,12:52:04,chinese,female,thin,yes,toddler,big,yellow,casual,Unknown,short_sleeve,black,long,clothes,5,9,no,42-48,6-11
2015-11-15,13:11:03,malay,male,fat,yes,young,big,white,casual,brown,short_sleeve,blue,long,blankets,4,7,no,49-55,12-17
2015-11-15,13:37:39,indian,male,Unknown,no,no_kids,Unknown,blue,casual,black,short_sleeve,grey,long,clothes,4,10,no,49-55,12-17
2015-11-15,13:56:02,indian,male,thin,yes,young,big,orange,formal,red,short_sleeve,grey,long,clothes,6,10,no,35-41,12-17
2015-11-15,13:56:27,indian,male,moderate,no,no_kids,big,white,casual,Unknown,short_sleeve,blue,long,blankets,5,8,yes,28-34,12-17
2015-11-15,14:20:40,Unknown,female,thin,yes,baby,big,white,casual,red,short_sleeve,black,long,blankets,6,8,no,49-55,12-17
2015-11-15,14:37:49,malay,male,thin,yes,young,big,blue,casual,white,short_sleeve,blue,long,Unknown,4,8,no,49-55,12-17
2015-11-15,14:49:07,indian,female,Unknown,no,no_kids,big,blue,casual,blue,short_sleeve,blue,short,blankets,6,10,no,35-41,12-17
2015-11-15,14:49:07,indian,female,thin,no,no_kids,big,white,casual,red,short_sleeve,black,short,clothes,4,10,no,42-48,12-17
2015-11-15,14:54:24,indian,female,thin,no,no_kids,big,blue,casual,black,longsleeve,brown,long,clothes,3,7,no,49-55,12-17
2015-11-15,14:57:02,chinese,female,moderate,no,no_kids,big,blue,casual,white,short_sleeve,grey,long,blankets,3,7,no,28-34,12-17
2015-11-23,16:09:19,malay,female,fat,yes,young,big,green,casual,white,short_sleeve,white,long,clothes,3,8,no,42-48,12-17
2015-11-23,16:35:09,malay,male,moderate,yes,toddler,big,pink,casual,blue,short_sleeve,blue,long,clothes,4,7,no,49-55,12-17
2015-11-23,17:17:00,malay,female,fat,yes,young,Unknown,red,casual,brown,longsleeve,blue,long,clothes,6,10,no,49-55,12-17
2015-11-23,17:34:57,indian,male,Unknown,no,no_kids,big,yellow,casual,yellow,short_sleeve,black,long,clothes,4,7,no,42-48,12-17
2015-11-23,17:36:07,indian,male,moderate,no,no_kids,big,pink,casual,blue,short_sleeve,blue,long,blankets,3,8,no,42-48,12-17
2015-11-23,17:48:01,chinese,male,fat,no,no_kids,big,green,casual,black,short_sleeve,blue,long,clothes,5,10,no,42-48,12-17
2015-11-23,17:48:01,malay,female,moderate,no,no_kids,small,white,formal,brown,longsleeve,blue,long,clothes,4,9,no,42-48,12-17
2015-11-23,19:14:05,foreigner,female,thin,no,no_kids,big,black,traditional,black,longsleeve,black,long,clothes,4,8,no,Unknown,18-23
2015-11-23,19:14:05,foreigner,female,thin,no,no_kids,big,red,traditional,black,longsleeve,black,long,clothes,5,9,no,35-41,18-23
2015-11-23,19:21:16,chinese,male,fat,no,no_kids,Unknown,green,casual,black,short_sleeve,white,short,clothes,4,7,yes,28-34,18-23
2015-11-23,20:06:27,indian,male,moderate,no,no_kids,big,green,casual,black,short_sleeve,brown,Unknown,clothes,6,7,no,28-34,18-23
2015-11-23,20:09:49,indian,male,fat,no,no_kids,big,white,casual,Unknown,short_sleeve,green,long,clothes,6,10,no,49-55,18-23
2015-11-23,20:09:49,indian,male,thin,no,no_kids,big,Unknown,casual,blue,short_sleeve,grey,short,clothes,4,10,no,28-34,18-23
2015-11-23,20:09:49,malay,female,moderate,no,no_kids,big,white,casual,brown,longsleeve,black,long,clothes,3,7,no,Unknown,18-23
2015-11-23,20:11:02,chinese,male,thin,no,no_kids,big,green,casual,white,short_sleeve,brown,short,clothes,5,9,yes,49-55,18-23
2015-11-23,20:43:44,indian,male,fat,no,no_kids,big,red,casual,white,short_sleeve,black,Unknown,clothes,4,10,no,49-55,18-23
2015-11-23,20:47:06,foreigner,male,fat,no,no_kids,big,white,casual,orange,short_sleeve,brown,Unknown,blankets,3,10,no,Unknown,18-23
2015-11-23,20:47:06,malay,female,thin,no,no_kids,Unknown,red,traditional,Unknown,longsleeve,purple,long,clothes,4,8,yes,28-34,18-23
2015-11-23,20:47:06,malay,female,thin,no,no_kids,big,white,casual,black,short_sleeve,blue,long,clothes,6,7,no,42-48,18-23
2015-11-23,20:51:47,chinese,male,thin,yes,young,big,red,casual,Unknown,short_sleeve,blue,short,clothes,3,8,yes,28-34,18-23
2015-11-23,22:16:27,indian,male,moderate,no,no_kids,big,red,casual,white,short_sleeve,black,long,blankets,4,8,no,42-48,18-23
2015-11-23,22:52:37,chinese,female,thin,no,no_kids,big,red,casual,white,short_sleeve,blue,long,clothes,5,7,no,28-34,18-23
2015-11-23,22:56:54,indian,male,Unknown,no,no_kids,big,red,casual,brown,short_sleeve,blue,long,clothes,5,8,no,42-48,18-23
2015-11-23,22:56:54,foreigner,female,fat,no,no_kids,big,blue,casual,grey,short_sleeve,blue,long,clothes,6,10,no,35-41,18-23
2015-11-23,23:05:54,indian,male,fat,no,no_kids,big,pink,casual,green,short_sleeve,black,Unknown,blankets,6,8,no,49-55,18-23
2015-11-23,23:22:38,indian,male,Unknown,no,no_kids,big,red,casual,blue,short_sleeve,red,short,clothes,5,7,no,49-55,18-23
2015-11-23,23:22:38,indian,male,moderate,no,no_kids,big,white,casual,green,short_sleeve,black,long,clothes,3,7,yes,28-34,18-23
2015-11-23,23:29:33,chinese,male,fat,no,no_kids,big,red,casual,brown,short_sleeve,blue,long,clothes,3,9,no,42-48,18-23
2015-11-24,07:38:23,chinese,male,thin,yes,young,big,blue,formal,white,longsleeve,black,Unknown,blankets,5,7,yes,49-55,6-11
2015-11-24,09:07:40,foreigner,female,fat,no,no_kids,big,Unknown,casual,blue,short_sleeve,black,long,clothes,4,8,no,35-41,6-11
2015-11-24,10:49:42,indian,male,moderate,no,no_kids,big,blue,casual,red,short_sleeve,black,Unknown,clothes,6,10,no,49-55,6-11
2015-11-24,10:49:42,chinese,male,fat,no,no_kids,Unknown,black,casual,orange,longsleeve,black,short,Unknown,4,10,no,49-55,6-11
2015-11-24,11:20:14,indian,male,fat,no,no_kids,big,white,casual,blue,short_sleeve,black,long,blankets,4,8,no,42-48,6-11
2015-11-24,11:26:29,indian,female,fat,no,no_kids,big,pink,traditional,white,short_sleeve,white,Unknown,clothes,4,10,no,42-48,6-11
2015-11-24,12:25:41,chinese,female,fat,no,no_kids,big,blue,casual,red,short_sleeve,purple,long,Unknown,4,9,no,35-41,6-11
2015-11-24,12:49:01,indian,male,fat,no,no_kids,big,blue,casual,black,short_sleeve,blue,short,blankets,5,10,no,49-55,6-11
2015-11-24,14:40:25,indian,male,thin,no,no_kids,big,green,casual,white,short_sleeve,black,long,clothes,4,8,no,49-55,12-17
2015-11-24,16:03:37,indian,male,moderate,no,no_kids,big,white,formal,white,short_sleeve,black,long,clothes,4,9,yes,28-34,12-17
2015-11-24,16:45:13,Unknown,male,moderate,no,no_kids,big,black,casual,green,short_sleeve,black,Unknown,clothes,4,9,no,49-55,12-17
2015-11-24,20:13:57,indian,male,thin,no,no_kids,big,red,casual,grey,short_sleeve,black,long,clothes,5,8,no,35-41,18-23
2015-11-24,20:13:57,indian,male,fat,no,no_kids,Unknown,green,casual,green,short_sleeve,brown,long,clothes,5,7,no,28-34,18-23
2015-11-24,20:44:29,chinese,male,fat,no,no_kids,big,white,formal,white,longsleeve,black,long,clothes,5,9,yes,35-41,18-23
2015-11-24,21:30:58,indian,male,Unknown,no,no_kids,big,blue,casual,black,short_sleeve,black,long,clothes,3,10,yes,Unknown,18-23
2015-11-24,22:35:22,indian,female,moderate,no,no_kids,big,green,casual,Unknown,short_sleeve,red,Unknown,clothes,5,9,no,42-48,18-23
2015-11-24,22:35:22,indian,female,moderate,no,no_kids,big,blue,formal,green,short_sleeve,black,long,clothes,4,8,no,42-48,18-23
2015-11-25,14:11:15,indian,female,thin,no,no_kids,big,blue,casual,black,short_sleeve,black,long,blankets,3,7,no,35-41,12-17
2015-11-25,14:11:15,chinese,male,fat,no,no_kids,big,white,casual,brown,short_sleeve,white,short,clothes,4,7,no,49-55,12-17
2015-11-25,15:27:34,indian,female,fat,no,no_kids,big,white,casual,blue,short_sleeve,black,short,clothes,4,9,no,35-41,12-17
2015-11-25,16:35:21,indian,female,thin,no,no_kids,big,white,casual,black,short_sleeve,brown,short,clothes,6,10,no,49-55,12-17
2015-11-25,16:35:21,indian,male,fat,no,no_kids,big,red,casual,black,short_sleeve,black,long,clothes,5,9,no,28-34,12-17
2015-11-25,16:35:21,Unknown,male,moderate,no,no_kids,big,red,casual,white,short_sleeve,white,short,clothes,4,8,no,28-34,12-17
2015-11-25,17:08:33,foreigner,male,thin,no,no_kids,big,green,casual,blue,short_sleeve,black,long,clothes,5,10,no,49-55,12-17
2015-11-25,17:08:33,chinese,female,thin,no,no_kids,big,blue,casual,black,short_sleeve,black,long,clothes,5,7,no,35-41,12-17
2015-11-25,18:07:55,foreigner,female,thin,no,no_kids,big,red,casual,red,short_sleeve,orange,long,Unknown,4,8,no,35-41,12-17
2015-11-25,21:25:02,chinese,female,thin,no,no_kids,big,blue,casual,white,short_sleeve,blue,short,clothes,6,10,no,35-41,18-23
2015-11-25,21:25:02,chinese,male,thin,no,no_kids,big,blue,casual,Unknown,short_sleeve,black,short,blankets,5,8,no,49-55,18-23
2015-11-25,21:58:23,Unknown,female,moderate,no,no_kids,big,blue,casual,black,short_sleeve,blue,short,clothes,3,9,yes,49-55,18-23
2015-11-25,21:58:23,indian,male,fat,no,no_kids,big,white,casual,black,short_sleeve,blue,short,clothes,5,8,no,28-34,18-23
2015-11-25,21:59:20,chinese,female,moderate,no,no_kids,big,white,casual,white,short_sleeve,red,short,clothes,6,10,no,49-55,18-23
2015-11-25,22:30:03,indian,male,fat,no,no_kids,big,blue,casual,black,short_sleeve,black,long,clothes,6,10,no,35-41,18-23
2015-11-25,22:30:03,chinese,male,thin,no,no_kids,big,white,casual,blue,short_sleeve,black,short,Unknown,3,7,no,49-55,18-23
2015-11-25,22:33:38,foreigner,female,thin,no,no_kids,big,red,casual,white,longsleeve,black,long,clothes,6,8,no,42-48,18-23
2015-11-25,22:33:38,chinese,female,moderate,yes,young,big,white,casual,green,short_sleeve,pink,short,Unknown,5,7,no,35-41,18-23
2015-11-25,22:41:24,indian,female,fat,yes,young,Unknown,black,casual,black,short_sleeve,blue,long,Unknown,5,7,no,49-55,18-23
2015-11-26,01:15:45,foreigner,female,moderate,no,no_kids,big,Unknown,casual,white,short_sleeve,purple,short,clothes,4,7,no,Unknown,0-5
2015-11-26,01:15:45,foreigner,female,thin,no,no_kids,big,red,casual,brown,short_sleeve,pink,Unknown,clothes,5,9,no,42-48,0-5
2015-11-26,01:41:18,indian,female,thin,no,no_kids,big,blue,casual,white,short_sleeve,black,long,clothes,6,10,no,42-48,0-5
2015-11-26,03:53:40,chinese,male,thin,no,no_kids,big,green,casual,orange,short_sleeve,black,Unknown,clothes,4,9,no,49-55,0-5
2015-11-26,07:19:32,foreigner,male,moderate,no,no_kids,small,white,casual,white,short_sleeve,green,long,Unknown,5,10,no,42-48,6-11
2015-11-26,09:05:04,indian,male,Unknown,no,no_kids,big,blue,casual,grey,short_sleeve,black,long,clothes,4,8,yes,35-41,6-11
2015-11-26,09:05:04,foreigner,male,moderate,no,no_kids,big,white,casual,white,short_sleeve,brown,Unknown,clothes,6,8,no,28-34,6-11
2015-11-26,10:37:00,indian,male,moderate,no,no_kids,big,black,casual,black,short_sleeve,grey,short,clothes,5,8,no,42-48,6-11
2015-11-26,10:37:00,chinese,male,thin,no,no_kids,big,white,casual,green,short_sleeve,black,long,clothes,5,8,no,Unknown,6-11
2015-11-26,12:28:12,indian,male,moderate,yes,young,big,green,casual,white,short_sleeve,black,long,clothes,6,7,no,35-41,6-11
2015-11-26,16:46:45,indian,female,fat,no,no_kids,big,blue,casual,brown,short_sleeve,black,short,clothes,4,10,no,35-41,12-17
2015-11-26,19:08:56,indian,male,fat,yes,no_kids,big,yellow,casual,orange,short_sleeve,black,long,blankets,4,7,no,35-41,18-23
2015-11-26,19:09:25,indian,female,moderate,no,no_kids,big,blue,casual,yellow,short_sleeve,black,long,clothes,3,7,no,28-34,18-23
2015-11-26,19:30:30,chinese,male,fat,no,no_kids,Unknown,blue,casual,grey,short_sleeve,brown,short,clothes,3,7,no,28-34,18-23
2015-11-26,22:46:40,malay,female,Unknown,no,no_kids,big,blue,casual,black,longsleeve,black,long,clothes,3,7,no,28-34,18-23
2015-11-26,23:04:09,foreigner,male,moderate,no,no_kids,big,purple,casual,grey,short_sleeve,black,long,clothes,6,10,no,42-48,18-23
2015-11-26,23:13:56,chinese,female,thin,no,no_kids,big,white,formal,red,longsleeve,blue,Unknown,clothes,6,8,yes,42-48,18-23
2015-11-26,23:21:09,indian,male,moderate,no,no_kids,big,blue,casual,black,short_sleeve,black,long,blankets,3,7,no,42-48,18-23
2015-11-26,23:32:17,malay,female,fat,no,no_kids,big,blue,casual,Unknown,short_sleeve,black,long,clothes,4,10,no,42-48,18-23
2015-11-26,23:32:17,malay,female,thin,no,no_kids,big,red,casual,grey,longsleeve,black,long,clothes,4,9,no,49-55,18-23
2015-11-27,08:26:31,chinese,male,moderate,no,no_kids,Unknown,green,casual,orange,short_sleeve,blue,short,clothes,4,10,no,49-55,6-11
2015-11-27,08:45:29,malay,female,thin,no,no_kids,Unknown,grey,casual,white,short_sleeve,black,long,clothes,3,8,no,28-34,6-11
2015-11-27,08:55:52,chinese,female,moderate,no,no_kids,big,white,casual,brown,short_sleeve,blue,short,clothes,4,7,no,49-55,6-11
2015-11-27,09:15:51,indian,male,thin,no,no_kids,big,red,casual,red,short_sleeve,red,long,clothes,6,8,no,28-34,6-11
2015-11-27,09:15:51,indian,female,Unknown,no,no_kids,big,red,casual,red,short_sleeve,green,short,clothes,5,10,no,35-41,6-11
2015-11-27,09:15:51,indian,male,thin,no,no_kids,big,Unknown,casual,white,short_sleeve,red,short,clothes,6,10,no,49-55,6-11
2015-11-27,10:22:32,malay,female,moderate,no,no_kids,big,white,casual,Unknown,short_sleeve,blue,long,clothes,6,10,no,42-48,6-11
2015-11-27,11:35:02,foreigner,female,thin,no,no_kids,big,white,casual,black,short_sleeve,green,long,clothes,6,10,no,28-34,6-11
2015-11-27,12:25:06,chinese,male,moderate,no,no_kids,Unknown,yellow,traditional,Unknown,longsleeve,black,long,blankets,4,8,yes,49-55,6-11
2015-11-27,12:37:20,indian,male,moderate,no,no_kids,small,yellow,formal,red,short_sleeve,blue,long,clothes,5,9,no,Unknown,6-11
2015-11-27,12:48:06,chinese,female,thin,yes,toddler,big,blue,casual,red,short_sleeve,brown,long,clothes,4,7,no,35-41,6-11
2015-11-27,13:25:50,chinese,female,fat,no,no_kids,big,red,casual,brown,longsleeve,red,long,clothes,3,9,no,49-55,12-17
2015-11-27,13:28:59,indian,female,thin,no,no_kids,Unknown,blue,casual,blue,short_sleeve,purple,short,clothes,5,9,no,28-34,12-17
2015-11-27,14:33:44,indian,female,moderate,no,no_kids,big,blue,casual,green,short_sleeve,black,long,clothes,5,8,no,49-55,12-17
2015-11-27,14:48:42,indian,male,moderate,no,no_kids,big,white,casual,blue,short_sleeve,black,long,blankets,4,10,no,35-41,12-17
2015-11-27,14:48:42,indian,male,moderate,no,no_kids,big,blue,casual,black,short_sleeve,grey,long,clothes,6,7,no,Unknown,12-17
2015-11-27,14:48:42,chinese,female,Unknown,no,no_kids,big,blue,casual,brown,longsleeve,black,long,blankets,3,7,no,28-34,12-17
2015-11-27,15:25:31,chinese,male,moderate,no,no_kids,big,white,casual,yellow,short_sleeve,black,Unknown,clothes,3,9,no,35-41,12-17
2015-11-27,15:25:31,foreigner,male,moderate,no,no_kids,big,blue,casual,green,short_sleeve,black,Unknown,blankets,6,8,yes,35-41,12-17
2015-11-27,15:25:31,chinese,male,thin,no,no_kids,big,white,casual,blue,short_sleeve,black,long,clothes,3,8,yes,Unknown,12-17
2015-11-27,16:58:42,chinese,male,thin,no,no_kids,big,white,casual,blue,short_sleeve,black,Unknown,clothes,6,8,no,49-55,12-17
2015-11-27,16:58:42,chinese,male,thin,no,no_kids,big,orange,casual,white,short_sleeve,blue,long,blankets,6,8,yes,49-55,12-17
2015-11-27,17:03:52,chinese,male,thin,no,no_kids,big,red,casual,black,short_sleeve,grey,short,clothes,5,9,no,42-48,12-17
2015-11-27,17:25:34,Unknown,male,Unknown,no,no_kids,big,red,casual,white,short_sleeve,blue,long,blankets,3,7,no,28-34,12-17
2015-11-27,17:30:51,chinese,male,thin,no,no_kids,big,red,casual,black,short_sleeve,black,short,blankets,6,9,yes,Unknown,12-17
2015-11-27,17:30:51,indian,female,moderate,no,no_kids,Unknown,white,casual,white,short_sleeve,black,long,blankets,3,7,no,42-48,12-17
2015-11-27,17:30:51,indian,female,moderate,no,no_kids,big,black,casual,black,short_sleeve,green,short,blankets,3,7,no,Unknown,12-17
2015-11-27,17:59:15,malay,female,thin,no,no_kids,big,Unknown,traditional,black,longsleeve,black,long,blankets,3,10,no,28-34,12-17
2015-11-27,18:05:15,indian,male,fat,no,no_kids,big,white,casual,white,short_sleeve,grey,short,clothes,5,10,no,Unknown,12-17
2015-11-27,18:05:15,indian,female,moderate,no,no_kids,big,Unknown,casual,white,longsleeve,black,long,blankets,3,7,no,Unknown,12-17
2015-11-27,18:40:46,chinese,male,thin,no,no_kids,big,white,formal,white,short_sleeve,black,long,clothes,4,10,no,49-55,12-17
2015-11-27,18:40:46,chinese,female,moderate,no,no_kids,big,black,casual,black,short_sleeve,grey,long,clothes,6,7,no,Unknown,12-17
2015-11-27,18:52:40,chinese,male,Unknown,no,no_kids,big,blue,casual,white,short_sleeve,blue,long,blankets,3,9,yes,Unknown,12-17
2015-11-27,19:20:57,indian,female,thin,no,no_kids,big,Unknown,casual,black,short_sleeve,grey,long,blankets,6,9,no,35-41,18-23
2015-11-27,19:20:57,chinese,male,moderate,no,no_kids,big,white,casual,white,short_sleeve,black,long,clothes,4,8,no,49-55,18-23
2015-11-27,20:08:45,foreigner,female,moderate,no,no_kids,big,red,casual,red,longsleeve,black,long,clothes,4,7,no,35-41,18-23
2015-11-27,20:08:45,foreigner,female,fat,no,no_kids,big,white,casual,white,longsleeve,red,long,clothes,3,10,no,28-34,18-23
2015-11-27,20:29:06,indian,female,thin,no,no_kids,big,Unknown,casual,black,short_sleeve,black,long,clothes,4,9,no,42-48,18-23
2015-11-27,20:30:58,indian,female,fat,no,no_kids,big,Unknown,casual,white,short_sleeve,black,long,Unknown,5,8,no,49-55,18-23
2015-11-27,20:42:26,chinese,female,thin,no,no_kids,big,Unknown,casual,white,short_sleeve,blue,long,clothes,6,9,no,42-48,18-23
2015-11-27,20:44:46,foreigner,female,thin,yes,young,big,Unknown,casual,white,short_sleeve,blue,Unknown,clothes,3,10,no,35-41,18-23
2015-11-27,21:03:10,chinese,female,Unknown,yes,young,big,red,casual,black,short_sleeve,black,long,Unknown,5,7,yes,Unknown,18-23
2015-11-27,21:10:54,foreigner,female,Unknown,yes,young,big,white,traditional,blue,longsleeve,blue,long,clothes,3,8,no,35-41,18-23
2015-11-27,21:15:59,malay,female,fat,yes,toddler,big,pink,casual,red,short_sleeve,black,Unknown,blankets,5,10,yes,49-55,18-23
2015-11-27,21:15:59,malay,female,fat,yes,young,big,pink,traditional,grey,longsleeve,grey,long,blankets,6,9,yes,28-34,18-23
2015-11-27,21:15:59,chinese,male,moderate,no,no_kids,big,red,casual,yellow,short_sleeve,blue,long,clothes,6,8,no,42-48,18-23
2015-11-27,21:15:59,Unknown,male,fat,no,no_kids,big,red,casual,blue,short_sleeve,black,long,clothes,3,8,yes,28-34,18-23
2015-11-27,21:27:10,Unknown,female,moderate,yes,toddler,big,pink,casual,black,short_sleeve,black,long,clothes,3,10,no,28-34,18-23
2015-11-27,21:27:10,indian,female,thin,no,no_kids,big,white,casual,white,short_sleeve,blue,long,clothes,3,8,yes,28-34,18-23
2015-11-27,21:27:10,malay,female,Unknown,yes,young,big,red,casual,red,longsleeve,black,Unknown,blankets,3,7,no,49-55,18-23
2015-11-27,21:46:58,Unknown,female,fat,yes,toddler,big,red,traditional,white,longsleeve,white,long,blankets,6,7,yes,Unknown,18-23
2015-11-27,21:46:58,malay,male,moderate,yes,young,big,red,casual,black,short_sleeve,grey,long,blankets,5,8,no,42-48,18-23
2015-11-27,22:01:50,chinese,male,fat,no,no_kids,big,white,casual,black,short_sleeve,blue,long,blankets,3,7,yes,35-41,18-23
2015-11-27,22:32:42,chinese,male,moderate,no,no_kids,Unknown,red,casual,yellow,short_sleeve,blue,long,clothes,5,8,no,35-41,18-23
2015-11-27,22:32:42,chinese,male,fat,no,no_kids,big,red,casual,blue,short_sleeve,black,long,clothes,3,9,yes,49-55,18-23
2015-11-27,22:32:42,indian,female,fat,yes,young,big,pink,casual,white,short_sleeve,black,long,blankets,3,10,no,28-34,18-23
2015-11-27,22:32:42,indian,female,Unknown,yes,toddler,Unknown,pink,casual,black,short_sleeve,black,long,clothes,3,7,no,42-48,18-23
2015-11-27,22:49:09,chinese,male,thin,no,no_kids,big,white,formal,white,short_sleeve,blue,long,clothes,6,9,no,49-55,18-23
2015-11-27,22:49:09,chinese,female,moderate,no,no_kids,big,white,casual,brown,short_sleeve,blue,short,clothes,4,10,no,35-41,18-23
2015-11-27,22:49:09,indian,male,thin,yes,no_kids,big,red,casual,red,short_sleeve,red,long,clothes,6,8,no,49-55,18-23
2015-11-27,22:49:09,indian,male,thin,no,no_kids,big,red,casual,red,short_sleeve,green,short,Unknown,5,7,no,49-55,18-23
2015-11-27,22:49:09,indian,male,thin,no,no_kids,big,Unknown,casual,white,short_sleeve,red,Unknown,clothes,6,10,no,49-55,18-23
2015-11-27,22:58:50,foreigner,female,fat,no,no_kids,Unknown,Unknown,casual,black,longsleeve,black,long,blankets,5,9,no,49-55,18-23
2015-11-27,22:58:50,indian,female,moderate,no,no_kids,big,blue,casual,white,short_sleeve,white,long,clothes,5,7,yes,49-55,18-23
2015-11-27,23:17:24,foreigner,male,moderate,no,no_kids,big,blue,casual,red,short_sleeve,black,short,clothes,3,9,no,28-34,18-23
2015-11-27,23:17:24,chinese,male,thin,no,no_kids,big,purple,casual,grey,short_sleeve,brown,short,blankets,5,9,yes,28-34,18-23
2015-11-27,23:23:43,indian,male,moderate,no,no_kids,big,purple,casual,green,short_sleeve,black,short,blankets,5,9,no,28-34,18-23
2015-11-27,23:48:28,indian,male,fat,yes,toddler,big,blue,formal,black,short_sleeve,black,long,clothes,6,7,no,35-41,18-23
2015-11-27,23:50:39,chinese,female,moderate,yes,young,big,Unknown,casual,green,short_sleeve,pink,short,Unknown,3,7,no,28-34,18-23
2015-11-27,23:50:39,indian,female,fat,yes,young,big,black,casual,black,short_sleeve,blue,long,clothes,6,7,no,42-48,18-23
2015-11-27,23:50:39,chinese,male,thin,no,no_kids,big,white,casual,grey,short_sleeve,black,long,clothes,6,8,no,49-55,18-23
2015-11-27,23:50:39,foreigner,female,moderate,no,no_kids,big,red,casual,white,short_sleeve,purple,short,clothes,4,8,no,Unknown,18-23
2015-11-27,23:56:22,Unknown,female,thin,no,no_kids,big,blue,casual,white,short_sleeve,black,long,clothes,6,10,no,35-41,18-23
2015-11-27,23:56:22,chinese,male,thin,no,no_kids,big,green,casual,orange,short_sleeve,black,long,clothes,5,9,no,42-48,18-23
2015-11-28,00:04:53,chinese,female,moderate,no,no_kids,big,green,casual,red,short_sleeve,black,long,blankets,3,7,no,28-34,0-5
2015-11-28,00:12:04,indian,female,moderate,no,no_kids,big,green,casual,red,short_sleeve,red,short,clothes,3,9,no,28-34,0-5
2015-11-28,00:12:04,indian,female,moderate,no,no_kids,big,blue,formal,green,short_sleeve,black,long,clothes,4,9,no,42-48,0-5
2015-11-28,00:12:04,indian,female,thin,no,no_kids,big,blue,casual,black,short_sleeve,black,long,blankets,6,7,no,35-41,0-5
2015-11-28,00:12:04,chinese,male,fat,no,no_kids,big,white,casual,brown,short_sleeve,white,short,clothes,4,9,no,49-55,0-5
2015-11-28,00:21:35,indian,female,fat,no,no_kids,big,white,casual,blue,short_sleeve,black,Unknown,clothes,3,9,no,42-48,0-5
2015-11-28,00:21:35,indian,female,thin,no,no_kids,big,white,casual,black,short_sleeve,brown,short,clothes,6,9,no,28-34,0-5
2015-11-28,00:26:07,chinese,male,thin,no,no_kids,big,purple,casual,red,short_sleeve,white,short,blankets,6,8,no,42-48,0-5
2015-11-28,00:47:29,chinese,male,thin,yes,toddler,big,yellow,casual,black,short_sleeve,black,long,clothes,4,9,no,Unknown,0-5
2015-11-28,00:47:29,indian,male,thin,no,no_kids,big,blue,casual,black,short_sleeve,grey,Unknown,clothes,6,10,no,35-41,0-5
2015-11-28,00:47:29,malay,female,fat,no,no_kids,big,yellow,casual,purple,longsleeve,green,long,Unknown,3,9,no,Unknown,0-5
2015-11-28,00:53:14,indian,male,moderate,no,no_kids,big,Unknown,casual,purple,short_sleeve,blue,long,blankets,6,8,yes,35-41,0-5
2015-11-28,00:53:14,chinese,female,Unknown,yes,baby,big,white,casual,red,short_sleeve,black,long,blankets,3,8,no,35-41,0-5
2015-11-28,01:07:40,malay,male,Unknown,no,no_kids,small,white,casual,black,short_sleeve,black,long,clothes,4,9,no,42-48,0-5
2015-11-28,01:07:40,chinese,male,moderate,no,no_kids,big,white,casual,white,short_sleeve,black,long,clothes,3,10,yes,35-41,0-5
2015-11-28,01:46:27,indian,male,thin,no,no_kids,big,Unknown,casual,black,short_sleeve,black,long,blankets,4,7,yes,35-41,0-5
2015-11-28,01:46:27,indian,female,fat,no,no_kids,big,blue,traditional,Unknown,short_sleeve,white,long,clothes,5,10,no,49-55,0-5
2015-11-28,01:46:27,chinese,female,moderate,no,no_kids,big,white,casual,white,short_sleeve,red,short,clothes,6,10,no,42-48,0-5
2015-11-28,01:54:34,chinese,female,thin,no,no_kids,big,grey,casual,black,short_sleeve,white,short,clothes,5,9,yes,42-48,0-5
2015-11-28,01:54:34,indian,male,fat,no,no_kids,big,Unknown,casual,white,short_sleeve,white,long,Unknown,3,7,yes,28-34,0-5
2015-11-28,03:15:41,foreigner,male,fat,no,no_kids,big,red,casual,red,short_sleeve,black,Unknown,blankets,6,7,no,42-48,0-5
2015-11-28,04:34:53,chinese,female,Unknown,no,no_kids,big,pink,casual,pink,short_sleeve,pink,long,clothes,5,10,yes,35-41,0-5
2015-11-28,04:36:53,chinese,female,moderate,no,no_kids,big,green,casual,red,short_sleeve,black,long,blankets,6,7,no,35-41,0-5
2015-11-28,04:36:53,indian,female,moderate,no,no_kids,big,Unknown,casual,red,short_sleeve,red,short,clothes,3,9,no,49-55,0-5
2015-11-28,04:36:53,indian,female,moderate,no,no_kids,big,blue,formal,green,short_sleeve,black,long,clothes,4,10,no,42-48,0-5
2015-11-28,04:39:27,chinese,male,thin,no,no_kids,big,red,casual,black,longsleeve,blue,long,clothes,4,8,no,42-48,0-5
2015-11-28,04:39:27,indian,male,thin,no,no_kids,big,white,casual,blue,short_sleeve,blue,long,blankets,5,7,no,49-55,0-5
2015-11-28,05:18:18,indian,male,moderate,no,no_kids,big,green,casual,blue,short_sleeve,black,short,clothes,6,10,no,Unknown,0-5
2015-11-28,05:40:34,chinese,female,Unknown,no,no_kids,big,red,casual,black,longsleeve,blue,long,clothes,4,8,no,49-55,0-5
2015-11-28,08:13:33,chinese,male,fat,no,no_kids,big,Unknown,casual,blue,short_sleeve,black,long,clothes,6,10,no,49-55,6-11
2015-11-28,08:23:27,Unknown,male,Unknown,yes,young,big,red,casual,brown,short_sleeve,blue,long,clothes,3,10,no,35-41,6-11
2015-11-28,08:31:26,indian,male,fat,no,no_kids,big,Unknown,casual,yellow,short_sleeve,blue,long,clothes,3,7,no,Unknown,6-11
2015-11-28,08:31:26,indian,male,fat,no,no_kids,big,red,casual,orange,short_sleeve,grey,long,clothes,4,7,yes,28-34,6-11
2015-11-28,08:38:07,Unknown,male,moderate,no,no_kids,big,blue,casual,white,short_sleeve,blue,short,blankets,4,8,yes,49-55,6-11
2015-11-28,08:59:43,indian,male,Unknown,yes,young,big,blue,casual,red,short_sleeve,blue,long,Unknown,4,10,no,35-41,6-11
2015-11-28,09:01:39,foreigner,male,fat,no,no_kids,big,white,casual,orange,short_sleeve,brown,short,blankets,5,7,no,42-48,6-11
2015-11-28,09:01:39,Unknown,male,moderate,no,no_kids,big,white,casual,white,short_sleeve,blue,long,Unknown,3,7,no,28-34,6-11
2015-11-28,09:07:24,chinese,male,fat,yes,young,Unknown,orange,casual,white,short_sleeve,blue,short,clothes,3,8,yes,35-41,6-11
2015-11-28,09:30:00,malay,female,fat,yes,toddler,big,red,casual,red,short_sleeve,grey,long,clothes,3,8,no,35-41,6-11
2015-11-28,09:30:00,malay,female,moderate,no,no_kids,big,black,casual,Unknown,longsleeve,blue,long,clothes,5,7,no,28-34,6-11
2015-11-28,10:11:49,chinese,male,moderate,no,no_kids,big,red,casual,grey,short_sleeve,black,long,clothes,6,8,no,35-41,6-11
2015-11-28,10:29:01,indian,female,Unknown,no,no_kids,big,green,casual,black,short_sleeve,grey,long,clothes,6,10,no,35-41,6-11
2015-11-28,10:40:32,chinese,male,thin,no,no_kids,Unknown,green,casual,grey,short_sleeve,black,long,blankets,6,9,no,35-41,6-11
2015-11-28,10:47:35,chinese,female,thin,no,no_kids,Unknown,white,casual,blue,short_sleeve,blue,long,blankets,6,7,yes,49-55,6-11
2015-11-28,11:02:24,malay,female,fat,no,no_kids,big,white,casual,red,short_sleeve,grey,long,clothes,6,9,yes,49-55,6-11
2015-11-28,11:02:24,malay,female,fat,no,no_kids,big,Unknown,traditional,red,longsleeve,red,long,blankets,5,7,yes,42-48,6-11
2015-11-28,11:02:30,indian,female,fat,yes,young,small,white,traditional,brown,short_sleeve,blue,long,clothes,5,9,no,35-41,6-11
2015-11-28,11:02:30,indian,female,moderate,yes,baby,big,white,casual,blue,short_sleeve,brown,short,clothes,3,9,no,42-48,6-11
2015-11-28,11:02:30,chinese,female,Unknown,yes,toddler,big,red,casual,red,short_sleeve,green,short,clothes,6,8,no,42-48,6-11
2015-11-28,11:02:30,indian,female,fat,yes,young,big,red,casual,purple,short_sleeve,black,Unknown,clothes,4,8,no,35-41,6-11
2015-11-28,11:02:30,indian,female,moderate,yes,young,big,red,casual,white,short_sleeve,purple,short,clothes,3,7,no,49-55,6-11
2015-11-28,11:02:30,indian,female,fat,no,no_kids,big,white,traditional,Unknown,short_sleeve,black,long,blankets,4,8,no,35-41,6-11
2015-11-28,11:02:49,chinese,female,moderate,no,no_kids,big,blue,casual,white,short_sleeve,grey,Unknown,blankets,3,7,no,35-41,6-11
2015-11-28,11:02:49,chinese,female,fat,no,no_kids,big,blue,casual,brown,longsleeve,black,long,blankets,6,7,no,42-48,6-11
2015-11-28,11:02:49,indian,female,moderate,no,no_kids,big,white,casual,white,short_sleeve,black,long,Unknown,3,10,no,35-41,6-11
2015-11-28,11:02:49,indian,female,moderate,no,no_kids,big,black,casual,black,short_sleeve,green,short,blankets,4,7,no,42-48,6-11
2015-11-28,11:02:49,indian,female,moderate,no,no_kids,big,blue,casual,white,longsleeve,black,long,blankets,3,7,no,28-34,6-11
2015-11-28,11:03:01,indian,female,fat,yes,young,big,pink,casual,white,short_sleeve,black,long,blankets,5,10,no,42-48,6-11
2015-11-28,11:03:01,indian,female,fat,yes,young,big,Unknown,casual,white,short_sleeve,black,Unknown,blankets,5,10,no,35-41,6-11
2015-11-28,11:03:01,chinese,female,moderate,no,no_kids,big,green,casual,red,short_sleeve,black,long,blankets,4,7,no,28-34,6-11
2015-11-28,11:03:01,chinese,female,moderate,no,no_kids,big,green,casual,red,short_sleeve,black,Unknown,blankets,4,7,no,49-55,6-11
2015-11-28,11:03:01,indian,female,moderate,yes,young,big,red,casual,white,short_sleeve,purple,short,clothes,3,7,no,49-55,6-11
2015-11-28,11:03:57,indian,female,fat,no,no_kids,big,white,traditional,green,short_sleeve,black,long,Unknown,5,8,no,42-48,6-11
2015-11-28,11:03:57,chinese,female,moderate,no,no_kids,big,blue,casual,white,short_sleeve,grey,Unknown,blankets,3,7,no,28-34,6-11
2015-11-28,11:03:57,chinese,female,fat,no,no_kids,big,Unknown,casual,Unknown,longsleeve,black,long,blankets,5,7,no,42-48,6-11
2015-11-28,11:03:57,indian,female,fat,yes,young,small,white,traditional,brown,short_sleeve,blue,long,Unknown,5,10,no,42-48,6-11
2015-11-28,11:33:31,indian,female,moderate,no,no_kids,big,green,casual,Unknown,short_sleeve,blue,short,clothes,5,9,yes,42-48,6-11
2015-11-28,12:15:39,indian,female,thin,yes,young,big,white,casual,Unknown,short_sleeve,black,short,blankets,5,7,no,49-55,6-11
2015-11-28,12:22:57,malay,female,moderate,no,no_kids,big,red,casual,Unknown,longsleeve,black,long,clothes,5,8,no,Unknown,6-11
2015-11-28,12:50:13,indian,female,fat,yes,young,big,black,casual,black,short_sleeve,black,short,Unknown,3,9,yes,35-41,6-11
2015-11-28,12:50:13,foreigner,female,thin,yes,baby,big,green,formal,yellow,longsleeve,black,Unknown,clothes,3,7,yes,42-48,6-11
2015-11-28,13:01:41,malay,female,fat,no,no_kids,big,red,formal,red,short_sleeve,black,long,clothes,6,8,no,49-55,12-17
2015-11-28,13:01:41,indian,male,fat,no,no_kids,big,white,casual,black,short_sleeve,blue,long,clothes,6,7,no,49-55,12-17
2015-11-28,13:01:41,chinese,male,moderate,no,no_kids,big,white,casual,white,short_sleeve,black,short,clothes,6,8,yes,49-55,12-17
2015-11-28,13:56:34,indian,female,Unknown,yes,young,big,blue,casual,white,short_sleeve,black,long,clothes,4,7,no,35-41,12-17
2015-11-28,14:50:23,chinese,male,fat,no,no_kids,big,blue,casual,Unknown,short_sleeve,black,short,clothes,3,9,yes,35-41,12-17
2015-11-28,14:53:57,chinese,male,moderate,no,no_kids,big,white,casual,pink,short_sleeve,blue,short,clothes,4,7,no,49-55,12-17
2015-11-28,14:53:57,indian,female,fat,no,no_kids,small,white,traditional,red,short_sleeve,black,long,clothes,5,9,no,49-55,12-17
2015-11-28,14:56:42,indian,female,fat,yes,young,small,white,traditional,brown,short_sleeve,blue,long,clothes,5,8,no,49-55,12-17
2015-11-28,14:56:42,Unknown,female,fat,no,no_kids,big,white,formal,purple,longsleeve,black,long,clothes,4,7,no,35-41,12-17
2015-11-28,14:56:42,indian,female,moderate,yes,young,Unknown,red,casual,white,short_sleeve,purple,Unknown,clothes,3,8,no,42-48,12-17
2015-11-28,14:56:42,indian,female,fat,no,no_kids,big,pink,traditional,white,short_sleeve,white,long,clothes,4,10,no,42-48,12-17
2015-11-28,14:58:17,chinese,female,moderate,no,no_kids,big,white,casual,white,short_sleeve,red,short,clothes,6,10,no,49-55,12-17
2015-11-28,14:58:17,chinese,female,moderate,yes,no_kids,big,white,casual,white,short_sleeve,red,short,clothes,6,9,no,Unknown,12-17
2015-11-28,14:58:17,indian,female,fat,yes,young,small,Unknown,traditional,Unknown,short_sleeve,blue,long,clothes,5,10,no,28-34,12-17
2015-11-28,14:58:17,indian,female,moderate,yes,young,big,red,casual,white,short_sleeve,purple,short,clothes,3,10,no,28-34,12-17
2015-11-28,14:58:17,indian,female,moderate,yes,young,big,red,casual,white,short_sleeve,purple,short,Unknown,3,8,no,49-55,12-17
2015-11-28,15:01:51,indian,female,fat,yes,no_kids,small,white,traditional,brown,short_sleeve,blue,long,clothes,5,10,no,49-55,12-17
2015-11-28,15:01:51,indian,female,fat,yes,young,big,black,casual,black,short_sleeve,black,short,clothes,5,9,yes,35-41,12-17
2015-11-28,16:16:37,foreigner,female,moderate,yes,young,big,Unknown,casual,pink,longsleeve,black,long,clothes,3,10,no,Unknown,12-17
2015-11-28,16:16:37,chinese,male,moderate,no,no_kids,big,red,casual,Unknown,short_sleeve,black,long,clothes,4,8,yes,49-55,12-17
2015-11-28,18:01:45,foreigner,male,fat,no,no_kids,big,Unknown,formal,blue,longsleeve,black,long,blankets,4,10,no,49-55,12-17
2015-11-28,18:01:45,foreigner,male,fat,no,no_kids,big,white,casual,green,short_sleeve,black,short,clothes,3,7,no,42-48,12-17
2015-11-28,18:39:28,chinese,male,fat,no,no_kids,big,blue,casual,black,short_sleeve,black,long,clothes,6,9,yes,35-41,12-17
2015-11-28,18:39:28,Unknown,male,fat,no,no_kids,big,red,casual,white,longsleeve,black,long,clothes,5,9,no,35-41,12-17
2015-11-28,18:39:28,Unknown,female,fat,no,no_kids,big,white,traditional,grey,longsleeve,grey,long,clothes,4,7,no,Unknown,12-17
2015-11-28,19:20:25,indian,male,fat,yes,toddler,big,white,formal,white,short_sleeve,grey,long,clothes,4,7,no,35-41,18-23
2015-11-28,19:20:54,indian,male,fat,yes,young,big,Unknown,casual,red,short_sleeve,black,long,blankets,6,10,yes,35-41,18-23
2015-11-28,19:20:54,chinese,male,moderate,no,no_kids,big,Unknown,casual,Unknown,short_sleeve,blue,short,clothes,3,10,yes,35-41,18-23
2015-11-28,19:37:03,foreigner,male,fat,no,no_kids,big,Unknown,casual,white,short_sleeve,black,long,blankets,6,7,no,49-55,18-23
2015-11-28,19:41:26,indian,female,fat,no,no_kids,big,white,formal,blue,longsleeve,black,Unknown,blankets,6,8,yes,42-48,18-23
2015-11-28,20:13:04,malay,female,fat,yes,young,big,brown,traditional,blue,longsleeve,blue,long,clothes,3,10,yes,28-34,18-23
2015-11-28,21:02:03,chinese,male,moderate,no,no_kids,big,white,casual,red,short_sleeve,grey,long,clothes,5,8,no,49-55,18-23
2015-11-28,21:02:03,indian,female,Unknown,no,no_kids,big,Unknown,casual,brown,longsleeve,black,long,blankets,6,7,yes,35-41,18-23
2015-11-28,21:07:53,chinese,male,fat,no,no_kids,big,pink,casual,yellow,short_sleeve,black,short,clothes,5,7,no,42-48,18-23
2015-11-28,21:07:03,chinese,female,fat,no,no_kids,big,blue,casual,Unknown,longsleeve,blue,long,clothes,4,10,no,28-34,18-23
2015-11-28,21:44:36,indian,male,fat,no,no_kids,big,pink,casual,black,short_sleeve,blue,long,Unknown,5,7,no,35-41,18-23
2015-11-28,22:12:27,indian,male,fat,yes,no_kids,big,pink,casual,white,short_sleeve,white,short,clothes,5,8,no,42-48,18-23
2015-11-28,22:12:27,indian,male,moderate,no,no_kids,big,white,casual,black,short_sleeve,blue,long,clothes,6,10,no,49-55,18-23
2015-11-28,22:17:54,chinese,male,fat,yes,no_kids,big,red,casual,orange,short_sleeve,blue,long,clothes,4,7,no,42-48,18-23
2015-11-28,23:04:39,indian,female,moderate,no,no_kids,big,Unknown,formal,blue,longsleeve,black,long,clothes,6,8,no,49-55,18-23
2015-11-28,23:04:39,Unknown,male,moderate,no,no_kids,big,green,casual,Unknown,short_sleeve,brown,long,clothes,3,9,no,35-41,18-23
2015-11-28,23:04:39,indian,male,fat,no,no_kids,big,white,casual,red,short_sleeve,grey,short,clothes,3,7,no,35-41,18-23
2015-11-28,23:04:39,indian,male,Unknown,no,no_kids,big,Unknown,formal,blue,short_sleeve,black,long,clothes,4,10,no,49-55,18-23
2015-11-28,23:14:19,indian,male,fat,no,no_kids,big,black,casual,green,short_sleeve,grey,long,blankets,4,8,no,35-41,18-23
2015-11-28,23:18:29,indian,female,thin,no,no_kids,big,red,casual,grey,short_sleeve,white,short,clothes,5,9,no,42-48,18-23
2015-11-29,00:07:01,indian,male,fat,yes,young,big,white,casual,Unknown,short_sleeve,black,long,blankets,3,7,no,28-34,0-5
2015-11-29,00:08:32,chinese,female,moderate,yes,young,big,Unknown,casual,Unknown,short_sleeve,pink,short,clothes,5,7,no,35-41,0-5
2015-11-29,00:08:32,chinese,female,moderate,yes,young,big,red,casual,Unknown,short_sleeve,black,long,Unknown,6,7,yes,Unknown,0-5
2015-11-29,00:08:32,foreigner,female,Unknown,yes,no_kids,big,blue,casual,black,short_sleeve,black,long,clothes,4,8,no,49-55,0-5
2015-11-29,00:09:18,chinese,female,moderate,yes,young,big,Unknown,casual,green,short_sleeve,pink,short,clothes,6,7,no,49-55,0-5
2015-11-29,00:09:18,foreigner,female,moderate,yes,young,big,blue,casual,pink,longsleeve,black,long,clothes,5,10,no,35-41,0-5
2015-11-29,00:09:18,chinese,male,thin,yes,toddler,big,red,casual,white,short_sleeve,white,short,clothes,5,9,yes,42-48,0-5
2015-11-29,01:25:34,chinese,male,fat,no,no_kids,big,red,casual,blue,short_sleeve,green,short,Unknown,3,9,yes,49-55,0-5
2015-11-29,01:25:34,chinese,male,fat,no,no_kids,big,blue,casual,black,short_sleeve,white,short,clothes,3,7,no,42-48,0-5
2015-11-29,01:25:34,foreigner,female,thin,no,no_kids,small,brown,casual,Unknown,short_sleeve,brown,short,clothes,5,7,no,42-48,0-5
2015-11-29,01:25:34,chinese,female,moderate,no,no_kids,big,white,casual,white,short_sleeve,red,short,clothes,6,10,no,42-48,0-5
2015-11-29,02:12:22,chinese,female,moderate,no,no_kids,big,white,casual,white,short_sleeve,red,short,clothes,6,9,no,Unknown,0-5
2015-11-29,02:12:22,foreigner,male,fat,no,no_kids,big,white,casual,orange,short_sleeve,brown,short,blankets,3,7,no,42-48,0-5
2015-11-29,02:12:22,chinese,male,fat,no,no_kids,big,blue,formal,white,short_sleeve,black,short,clothes,3,10,yes,49-55,0-5
2015-11-29,02:38:45,chinese,female,moderate,no,no_kids,big,white,formal,white,short_sleeve,red,short,clothes,6,10,no,35-41,0-5
2015-11-29,02:38:45,foreigner,male,fat,no,no_kids,big,white,formal,green,short_sleeve,black,short,clothes,3,7,no,28-34,0-5
2015-11-29,02:38:45,chinese,male,fat,no,no_kids,big,pink,formal,yellow,short_sleeve,black,short,clothes,5,9,no,28-34,0-5
2015-11-29,02:38:45,chinese,female,thin,yes,toddler,big,red,formal,white,short_sleeve,white,short,clothes,5,9,yes,49-55,0-5
2015-11-29,02:44:59,chinese,male,fat,no,no_kids,big,red,casual,blue,short_sleeve,green,short,clothes,3,9,yes,49-55,0-5
2015-11-29,02:44:59,chinese,male,fat,no,no_kids,big,blue,casual,black,short_sleeve,white,Unknown,clothes,3,7,no,35-41,0-5
2015-11-29,02:44:59,foreigner,male,thin,no,no_kids,small,brown,formal,grey,short_sleeve,brown,short,clothes,5,10,no,35-41,0-5
2015-11-29,02:44:59,chinese,female,moderate,no,no_kids,big,white,formal,white,short_sleeve,red,short,clothes,6,7,no,49-55,0-5
2015-11-29,02:44:59,chinese,female,moderate,no,no_kids,big,white,formal,white,short_sleeve,red,short,clothes,6,7,no,35-41,0-5
2015-11-29,03:24:52,foreigner,male,fat,no,no_kids,big,white,formal,orange,short_sleeve,brown,Unknown,blankets,3,7,no,49-55,0-5
2015-11-29,03:24:52,chinese,male,fat,no,no_kids,big,blue,formal,Unknown,short_sleeve,black,short,clothes,3,8,yes,42-48,0-5
2015-11-29,03:24:52,chinese,female,moderate,no,no_kids,big,Unknown,casual,white,short_sleeve,red,short,clothes,6,9,no,28-34,0-5
2015-11-29,03:24:52,chinese,female,moderate,no,no_kids,big,white,casual,white,short_sleeve,red,short,clothes,6,9,no,42-48,0-5
2015-11-29,03:36:20,foreigner,male,fat,no,no_kids,big,white,casual,green,short_sleeve,black,short,clothes,3,8,no,49-55,0-5
2015-11-29,03:36:20,chinese,female,moderate,yes,toddler,big,white,casual,white,short_sleeve,red,short,blankets,6,7,no,42-48,0-5
2015-11-29,03:36:20,chinese,female,moderate,yes,baby,big,white,casual,white,short_sleeve,red,short,blankets,6,10,no,42-48,0-5
2015-11-29,03:47:21,chinese,female,moderate,yes,baby,big,white,formal,white,short_sleeve,red,short,blankets,6,10,no,42-48,0-5
2015-11-29,03:47:21,chinese,female,moderate,yes,toddler,big,pink,casual,white,short_sleeve,red,short,blankets,3,10,no,49-55,0-5
2015-11-29,03:47:21,chinese,female,moderate,yes,baby,big,blue,formal,orange,short_sleeve,red,short,blankets,6,10,no,42-48,0-5
2015-11-29,04:01:54,chinese,female,Unknown,yes,baby,big,black,formal,pink,short_sleeve,red,short,blankets,6,10,no,49-55,0-5
2015-11-29,04:01:54,chinese,female,Unknown,yes,baby,big,orange,formal,purple,short_sleeve,red,short,blankets,3,9,no,35-41,0-5
2015-11-29,04:01:54,chinese,female,moderate,yes,baby,big,Unknown,formal,orange,short_sleeve,red,short,clothes,6,8,no,35-41,0-5
2015-11-29,04:01:54,Unknown,female,moderate,yes,baby,big,red,formal,pink,short_sleeve,blue,short,blankets,5,8,no,42-48,0-5
2015-11-29,04:02:14,chinese,female,moderate,yes,baby,big,grey,formal,purple,short_sleeve,white,short,blankets,4,10,no,42-48,0-5
2015-11-29,04:02:14,chinese,female,moderate,yes,toddler,big,black,casual,orange,short_sleeve,black,short,blankets,3,10,no,35-41,0-5
2015-11-29,04:02:14,chinese,female,moderate,yes,baby,big,black,formal,pink,short_sleeve,pink,long,blankets,4,7,yes,42-48,0-5
2015-11-29,04:02:14,malay,female,fat,no,no_kids,big,black,casual,orange,longsleeve,white,Unknown,clothes,5,9,no,42-48,0-5
2015-11-29,04:02:14,chinese,male,fat,no,no_kids,big,blue,casual,white,short_sleeve,black,Unknown,clothes,3,8,yes,49-55,0-5
2015-11-29,04:02:14,chinese,female,moderate,no,no_kids,big,white,casual,pink,short_sleeve,blue,short,clothes,4,10,no,28-34,0-5
2015-11-29,04:02:14,indian,female,fat,no,no_kids,small,white,traditional,red,short_sleeve,black,long,clothes,5,10,no,42-48,0-5
2015-11-29,04:02:14,indian,female,fat,yes,young,small,white,traditional,brown,short_sleeve,blue,long,clothes,5,8,no,42-48,0-5
2015-11-29,04:03:48,indian,female,fat,no,no_kids,big,white,formal,purple,longsleeve,black,long,clothes,6,7,no,49-55,0-5
2015-11-29,04:03:48,indian,female,moderate,yes,young,big,Unknown,casual,white,short_sleeve,purple,short,clothes,3,7,no,35-41,0-5
2015-11-29,04:03:48,indian,female,fat,no,no_kids,big,pink,traditional,white,short_sleeve,white,long,clothes,4,9,no,28-34,0-5
2015-11-29,04:03:48,chinese,female,moderate,no,no_kids,big,white,casual,white,short_sleeve,red,short,clothes,6,8,no,28-34,0-5
2015-11-29,04:03:48,chinese,female,moderate,no,no_kids,big,white,casual,white,short_sleeve,red,short,clothes,6,10,no,42-48,0-5
2015-11-29,04:03:48,indian,female,fat,yes,young,small,Unknown,traditional,brown,short_sleeve,blue,long,clothes,5,8,no,35-41,0-5
2015-11-29,04:03:48,indian,female,moderate,yes,young,big,red,casual,white,short_sleeve,purple,short,clothes,3,10,no,35-41,0-5
2015-11-29,04:03:48,indian,female,moderate,yes,young,big,red,casual,white,short_sleeve,purple,short,clothes,3,8,no,42-48,0-5
2015-11-29,04:03:48,indian,female,fat,yes,young,small,white,traditional,brown,short_sleeve,blue,long,clothes,5,9,no,35-41,0-5
2015-11-29,04:03:48,indian,female,fat,yes,young,big,black,casual,black,short_sleeve,black,short,clothes,5,9,yes,35-41,0-5
2015-11-29,04:03:48,foreigner,male,moderate,yes,young,big,blue,casual,pink,longsleeve,black,long,clothes,6,10,no,28-34,0-5
2015-11-29,04:03:48,chinese,male,moderate,no,no_kids,big,red,casual,yellow,short_sleeve,black,long,clothes,6,8,yes,Unknown,0-5
2015-11-29,04:04:37,foreigner,male,fat,no,no_kids,big,red,formal,blue,longsleeve,black,long,blankets,4,9,no,42-48,0-5
2015-11-29,04:04:37,foreigner,male,fat,no,no_kids,big,white,casual,green,short_sleeve,black,short,clothes,3,9,no,28-34,0-5
2015-11-29,04:04:37,chinese,male,fat,no,no_kids,big,blue,casual,Unknown,short_sleeve,black,long,clothes,6,10,yes,49-55,0-5
2015-11-29,04:04:37,foreigner,male,Unknown,no,no_kids,big,red,casual,white,longsleeve,black,long,clothes,5,8,no,49-55,0-5
2015-11-29,04:04:37,foreigner,male,Unknown,no,no_kids,big,white,traditional,grey,longsleeve,grey,long,clothes,4,7,no,49-55,0-5
2015-11-29,04:04:37,indian,male,fat,yes,toddler,big,white,formal,white,short_sleeve,grey,long,clothes,4,10,no,Unknown,0-5
2015-11-29,04:04:37,indian,male,fat,yes,young,big,purple,casual,red,short_sleeve,black,long,blankets,6,10,yes,42-48,0-5
2015-11-29,04:04:37,chinese,male,moderate,no,no_kids,big,red,casual,white,short_sleeve,blue,short,clothes,3,10,yes,42-48,0-5
2015-11-29,04:04:37,foreigner,male,fat,no,no_kids,big,red,casual,white,short_sleeve,black,long,blankets,4,7,no,28-34,0-5
2015-11-29,04:04:37,Unknown,female,fat,no,no_kids,big,white,formal,blue,longsleeve,black,long,blankets,4,8,yes,35-41,0-5
2015-11-29,04:05:42,malay,female,Unknown,yes,young,big,brown,traditional,blue,longsleeve,blue,long,clothes,3,7,yes,49-55,0-5
2015-11-29,04:05:42,chinese,female,moderate,no,no_kids,big,white,casual,red,short_sleeve,grey,long,clothes,5,10,no,35-41,0-5
2015-11-29,04:05:42,indian,female,moderate,no,no_kids,big,red,casual,brown,longsleeve,black,long,blankets,3,7,yes,Unknown,0-5
2015-11-29,04:05:59,chinese,male,fat,no,no_kids,big,pink,casual,yellow,short_sleeve,black,Unknown,clothes,5,7,no,35-41,0-5
2015-11-29,04:05:59,chinese,female,fat,no,no_kids,big,blue,casual,grey,longsleeve,blue,long,clothes,4,8,no,49-55,0-5
2015-11-29,04:05:59,indian,male,fat,no,no_kids,big,pink,casual,Unknown,short_sleeve,blue,long,clothes,5,8,no,35-41,0-5
2015-11-29,04:05:59,indian,male,fat,no,no_kids,big,pink,casual,white,short_sleeve,white,short,Unknown,5,7,no,42-48,0-5
2015-11-29,04:05:59,indian,male,Unknown,no,no_kids,big,white,casual,black,short_sleeve,blue,long,clothes,6,7,no,35-41,0-5
2015-11-29,04:06:04,foreigner,female,moderate,no,no_kids,big,black,casual,brown,longsleeve,black,long,blankets,3,7,yes,35-41,0-5
2015-11-29,04:06:04,chinese,male,Unknown,no,no_kids,big,red,casual,orange,short_sleeve,blue,long,clothes,4,8,no,49-55,0-5
2015-11-29,04:06:04,indian,male,moderate,no,no_kids,big,red,formal,blue,longsleeve,black,long,clothes,3,8,no,49-55,0-5
2015-11-29,04:06:04,indian,male,moderate,no,no_kids,big,green,casual,green,short_sleeve,brown,long,clothes,6,9,no,42-48,0-5
2015-11-29,04:06:04,indian,male,fat,no,no_kids,big,white,casual,Unknown,short_sleeve,grey,short,clothes,3,9,no,49-55,0-5
2015-11-29,04:06:04,indian,male,fat,no,no_kids,big,green,formal,blue,short_sleeve,black,Unknown,clothes,4,10,no,42-48,0-5
2015-11-29,04:06:04,indian,male,fat,no,no_kids,big,black,casual,green,short_sleeve,grey,long,blankets,4,8,no,49-55,0-5
2015-11-29,04:06:19,indian,male,Unknown,no,no_kids,big,red,casual,grey,short_sleeve,white,short,clothes,5,7,no,28-34,0-5
2015-11-29,04:06:19,foreigner,male,fat,yes,young,big,white,casual,red,short_sleeve,grey,short,blankets,3,8,no,49-55,0-5
2015-11-29,04:06:19,indian,male,fat,yes,young,Unknown,white,casual,blue,short_sleeve,black,long,blankets,5,7,no,42-48,0-5
2015-11-29,04:06:19,chinese,female,moderate,yes,young,big,red,casual,black,short_sleeve,black,long,clothes,3,7,yes,35-41,0-5
2015-11-29,04:06:19,foreigner,female,moderate,yes,young,big,blue,casual,black,short_sleeve,black,Unknown,clothes,3,8,no,42-48,0-5
2015-11-29,04:06:19,chinese,female,moderate,yes,young,big,white,casual,green,short_sleeve,pink,short,clothes,4,7,no,42-48,0-5
2015-11-29,04:06:19,foreigner,female,moderate,yes,young,Unknown,blue,casual,pink,longsleeve,black,long,clothes,3,10,no,49-55,0-5
2015-11-29,04:06:19,chinese,male,thin,yes,toddler,big,red,casual,white,short_sleeve,white,short,clothes,5,9,yes,28-34,0-5
2015-11-29,04:06:19,chinese,male,fat,no,no_kids,big,red,casual,blue,short_sleeve,green,Unknown,Unknown,3,9,yes,42-48,0-5
2015-11-29,04:06:19,chinese,male,fat,no,no_kids,big,blue,casual,black,short_sleeve,white,short,Unknown,3,7,no,35-41,0-5
2015-11-29,04:06:22,foreigner,male,thin,no,no_kids,small,brown,casual,grey,short_sleeve,brown,short,clothes,5,7,no,28-34,0-5
2015-11-29,04:06:22,chinese,female,moderate,no,no_kids,big,white,casual,white,short_sleeve,red,short,clothes,6,9,no,35-41,0-5
2015-11-29,04:06:22,chinese,female,moderate,no,no_kids,big,white,casual,white,short_sleeve,red,short,clothes,6,8,no,49-55,0-5
2015-11-29,04:06:22,foreigner,male,fat,no,no_kids,big,white,casual,Unknown,short_sleeve,brown,short,blankets,3,7,no,Unknown,0-5
2015-11-29,04:06:22,chinese,male,fat,no,no_kids,big,blue,formal,white,short_sleeve,black,short,clothes,3,8,yes,42-48,0-5
2015-11-29,04:06:22,chinese,female,moderate,no,no_kids,big,white,formal,white,short_sleeve,red,short,clothes,6,8,no,49-55,0-5
2015-11-29,04:06:22,chinese,female,moderate,no,no_kids,big,white,formal,Unknown,short_sleeve,red,short,clothes,6,10,no,35-41,0-5
2015-11-29,04:07:46,chinese,male,Unknown,yes,toddler,big,red,formal,white,short_sleeve,white,short,clothes,5,9,yes,42-48,0-5
2015-11-29,04:07:46,chinese,male,fat,no,no_kids,Unknown,red,casual,blue,short_sleeve,green,short,clothes,3,9,yes,28-34,0-5
2015-11-29,04:07:46,chinese,male,Unknown,no,no_kids,big,blue,casual,black,short_sleeve,white,Unknown,clothes,3,7,no,42-48,0-5
2015-11-29,04:07:46,foreigner,male,thin,no,no_kids,small,brown,formal,Unknown,short_sleeve,brown,short,clothes,5,10,no,Unknown,0-5
2015-11-29,04:07:46,chinese,female,thin,no,no_kids,big,white,formal,white,short_sleeve,red,short,clothes,6,8,no,35-41,0-5
2015-11-29,04:07:46,foreigner,male,thin,no,no_kids,big,white,formal,orange,short_sleeve,brown,Unknown,blankets,5,7,no,35-41,0-5
2015-11-29,04:07:46,chinese,male,thin,no,no_kids,Unknown,blue,formal,white,short_sleeve,black,short,Unknown,3,9,yes,35-41,0-5
2015-11-29,04:07:46,chinese,female,thin,no,no_kids,big,white,formal,white,short_sleeve,red,short,clothes,6,7,no,35-41,0-5
2015-11-29,04:07:46,foreigner,male,Unknown,no,no_kids,big,white,casual,green,short_sleeve,black,short,Unknown,3,10,no,42-48,0-5
2015-11-29,04:08:31,chinese,male,thin,no,no_kids,big,pink,formal,yellow,short_sleeve,black,short,blankets,5,8,no,35-41,0-5
2015-11-29,04:08:31,malay,female,thin,yes,baby,big,white,formal,white,short_sleeve,red,short,blankets,6,8,no,28-34,0-5
2015-11-29,04:08:31,malay,female,thin,yes,baby,big,white,formal,white,short_sleeve,red,Unknown,blankets,6,7,no,42-48,0-5
2015-11-29,04:08:31,chinese,female,Unknown,yes,toddler,big,pink,casual,white,short_sleeve,red,short,blankets,3,10,no,49-55,0-5
2015-11-29,04:08:31,malay,female,thin,yes,toddler,big,orange,casual,purple,short_sleeve,purple,short,blankets,4,10,no,35-41,0-5
2015-11-29,04:08:31,malay,female,thin,yes,baby,big,blue,formal,orange,short_sleeve,red,short,blankets,4,10,no,49-55,0-5
2015-11-29,04:08:31,malay,female,thin,yes,baby,big,black,formal,pink,short_sleeve,red,short,blankets,4,10,no,42-48,0-5
2015-11-29,04:11:41,malay,female,Unknown,yes,baby,big,black,formal,orange,short_sleeve,red,short,clothes,6,8,no,28-34,0-5
2015-11-29,04:11:41,malay,female,thin,yes,baby,big,red,formal,Unknown,short_sleeve,blue,short,Unknown,5,7,no,42-48,0-5
2015-11-29,04:11:41,Unknown,female,thin,yes,baby,big,grey,casual,purple,short_sleeve,white,short,blankets,4,7,no,42-48,0-5
2015-11-29,04:11:41,malay,female,Unknown,yes,toddler,big,black,casual,orange,short_sleeve,black,Unknown,blankets,3,7,no,28-34,0-5
2015-11-29,04:11:41,malay,female,thin,yes,baby,big,black,formal,pink,short_sleeve,pink,long,blankets,6,7,yes,28-34,0-5
2015-11-29,04:14:16,malay,male,Unknown,no,no_kids,big,orange,casual,green,short_sleeve,orange,short,clothes,4,9,no,49-55,0-5
2015-11-29,08:16:36,malay,male,Unknown,yes,toddler,big,blue,casual,orange,short_sleeve,blue,long,clothes,6,10,no,35-41,6-11
2015-11-29,08:56:00,chinese,male,thin,no,no_kids,big,black,casual,green,short_sleeve,black,long,clothes,3,8,no,Unknown,6-11
2015-11-29,09:46:09,malay,male,thin,no,no_kids,big,yellow,casual,grey,short_sleeve,blue,long,clothes,6,10,no,42-48,6-11
2015-12-09,09:46:09,malay,male,moderate,no,no_kids,big,black,casual,green,short_sleeve,black,long,blankets,6,7,no,28-34,6-11
2015-12-09,15:13:16,malay,female,thin,no,no_kids,small,white,casual,white,longsleeve,brown,long,clothes,3,7,no,28-34,12-17
2015-12-09,15:21:37,malay,male,thin,no,no_kids,small,Unknown,casual,blue,short_sleeve,blue,long,blankets,6,10,no,35-41,12-17
2015-12-09,16:20:06,malay,female,thin,no,no_kids,small,pink,traditional,black,short_sleeve,black,long,clothes,5,8,no,42-48,12-17
2015-12-09,17:21:26,malay,male,thin,yes,baby,big,blue,casual,green,short_sleeve,black,short,Unknown,6,8,no,35-41,12-17
2015-12-09,17:22:37,malay,female,moderate,yes,young,big,black,casual,white,longsleeve,black,Unknown,Unknown,6,7,yes,42-48,12-17
2015-12-09,17:37:56,malay,female,moderate,yes,young,big,Unknown,casual,white,short_sleeve,black,long,Unknown,3,9,no,49-55,12-17
2015-12-09,18:43:46,malay,male,moderate,yes,toddler,small,white,casual,white,short_sleeve,grey,long,Unknown,4,7,no,35-41,12-17
2015-12-09,19:02:06,indian,male,moderate,no,no_kids,Unknown,grey,casual,white,short_sleeve,orange,short,Unknown,4,8,no,42-48,18-23
2015-12-09,20:05:46,malay,female,thin,no,no_kids,small,white,casual,grey,longsleeve,black,long,Unknown,3,8,no,35-41,18-23
2015-12-09,20:05:46,malay,female,moderate,no,no_kids,small,white,casual,red,longsleeve,black,long,clothes,3,10,no,42-48,18-23
2015-12-09,20:33:01,malay,male,fat,no,no_kids,big,grey,casual,white,short_sleeve,black,long,blankets,3,7,no,28-34,18-23
2015-12-09,20:37:01,malay,female,moderate,no,no_kids,big,purple,traditional,pink,longsleeve,pink,long,clothes,3,7,yes,49-55,18-23
2015-12-09,20:42:57,indian,female,moderate,no,no_kids,big,green,traditional,brown,short_sleeve,black,long,clothes,6,10,no,35-41,18-23
2015-12-09,20:43:20,malay,male,moderate,no,no_kids,big,blue,casual,white,short_sleeve,black,Unknown,blankets,4,8,no,28-34,18-23
